category,year,month,date,laspeyres,chain_laspeyres,price_index,annual_rate
Fifth quintile,2000,1,2000-01-01,0.999944045260544,99.9944045260544,98.6755500718352,
Fifth quintile,2000,2,2000-02-01,1.00334082132185,100.334082132185,99.0107475740443,
Fifth quintile,2000,3,2000-03-01,1.00715969993565,100.715969993565,99.3875986085201,
Fifth quintile,2000,4,2000-04-01,1.00838733567249,100.838733567249,99.5087430187442,
Fifth quintile,2000,5,2000-05-01,1.00938198683596,100.938198683596,99.6068962615684,
Fifth quintile,2000,6,2000-06-01,1.01346689161403,101.346689161403,100.009999043046,
Fifth quintile,2000,7,2000-07-01,1.01514742724547,101.514742724547,100.175836100264,
Fifth quintile,2000,8,2000-08-01,1.01607023513208,101.607023513208,100.26689977153,
Fifth quintile,2000,9,2000-09-01,1.01954402413214,101.954402413214,100.609696993074,
Fifth quintile,2000,10,2000-10-01,1.01989786970393,101.989786970393,100.64461485333,
Fifth quintile,2000,11,2000-11-01,1.02149593656768,102.149593656768,100.802313804166,
Fifth quintile,2000,12,2000-12-01,1.02655050363803,102.655050363803,101.301103899878,
Fifth quintile,2001,1,2001-01-01,0.994744884472275,102.115586214637,100.768754895798,2.12130038539309
Fifth quintile,2001,2,2001-02-01,0.997773648695954,102.426504158559,101.075572055109,2.08545489419778
Fifth quintile,2001,3,2001-03-01,1.00325638268742,102.989334492585,101.630979060834,2.25720359856014
Fifth quintile,2001,4,2001-04-01,1.00965108745415,103.645783232475,102.278769712818,2.7837018236192
Fifth quintile,2001,5,2001-05-01,1.0142257532359,104.115395778697,102.742188406481,3.14766573659675
Fifth quintile,2001,6,2001-06-01,1.01591413839908,104.288717042657,102.91322368732,2.90293437861517
Fifth quintile,2001,7,2001-07-01,1.01398252475327,104.090427146564,102.717549092692,2.53725158818168
Fifth quintile,2001,8,2001-08-01,1.01327760295619,104.018063363981,102.646139736484,2.37290668244001
Fifth quintile,2001,9,2001-09-01,1.01568620661344,104.265318693723,102.890133945821,2.26661745428425
Fifth quintile,2001,10,2001-10-01,1.01640081072415,104.338676414698,102.962524131087,2.30306338906932
Fifth quintile,2001,11,2001-11-01,1.01558096222019,104.254514825234,102.879472572605,2.06062608093971
Fifth quintile,2001,12,2001-12-01,1.02106390734977,104.817366833653,103.434900966854,2.10639073497716
Fifth quintile,2002,1,2002-01-01,0.999743306491237,104.790460895981,103.408349899197,2.61945779336892
Fifth quintile,2002,2,2002-02-01,1.00154307490359,104.979107881874,103.594508766692,2.49213203582914
Fifth quintile,2002,3,2002-03-01,1.00764942569747,105.619159493051,104.226118556325,2.55349256641304
Fifth quintile,2002,4,2002-04-01,1.01217092977957,106.093091645064,104.693799883279,2.36122332840145
Fifth quintile,2002,5,2002-05-01,1.01434454452289,106.32092421897,104.918627508994,2.11834995562086
Fifth quintile,2002,6,2002-06-01,1.01410342147543,106.295650336052,104.893686970459,1.92440117234749
Fifth quintile,2002,7,2002-07-01,1.01358251233119,106.241050011194,104.839806784712,2.06611013479805
Fifth quintile,2002,8,2002-08-01,1.01437115774897,106.323713747251,104.921380245399,2.21658653190071
Fifth quintile,2002,9,2002-09-01,1.01639044699007,106.535370328379,105.130245228075,2.17718764311616
Fifth quintile,2002,10,2002-10-01,1.01863273715954,106.770401279619,105.362176289693,2.33060735336093
Fifth quintile,2002,11,2002-11-01,1.01751607533858,106.653355727903,105.246674484829,2.30094678076114
Fifth quintile,2002,12,2002-12-01,1.02328865195473,107.258422008653,105.843760375443,2.32886519547291
Fifth quintile,2003,1,2003-01-01,0.997770367130944,107.019275105459,105.607767648326,2.12692471282356
Fifth quintile,2003,2,2003-02-01,1.00176320345675,107.447540429104,106.030384459613,2.35135599552567
Fifth quintile,2003,3,2003-03-01,1.00780589334287,108.095669810977,106.669965479943,2.34475480567453
Fifth quintile,2003,4,2003-04-01,1.00966350891045,108.294914725454,106.866582496947,2.07536894839104
Fifth quintile,2003,5,2003-05-01,1.00893036672928,108.216279051994,106.788983971603,1.78267339843763
Fifth quintile,2003,6,2003-06-01,1.01035782815168,108.369386311638,106.94007185634,1.95091329610404
Fifth quintile,2003,7,2003-07-01,1.00926618827256,108.252298740803,106.824528586558,1.89309944639799
Fifth quintile,2003,8,2003-08-01,1.01105565976357,108.444234629158,107.013932978251,1.99440069122094
Fifth quintile,2003,9,2003-09-01,1.01404791250538,108.765178936495,107.330644260438,2.0930218773759
Fifth quintile,2003,10,2003-10-01,1.01534466816972,108.904266902784,107.46789775624,1.99855540261253
Fifth quintile,2003,11,2003-11-01,1.0152192502131,108.890814770664,107.454623048092,2.09787964709676
Fifth quintile,2003,12,2003-12-01,1.01916779051973,109.314328973191,107.87255140214,1.91677905197249
Fifth quintile,2004,1,2004-01-01,0.997429336026009,109.033318565859,107.595247320468,1.88194459214448
Fifth quintile,2004,2,2004-02-01,1.00025250320344,109.341931191438,107.899789566932,1.76308434308361
Fifth quintile,2004,3,2004-03-01,1.00649065185772,110.023850225616,108.572714578295,1.78377211410083
Fifth quintile,2004,4,2004-04-01,1.01203886670497,110.630349608642,109.171214669595,2.15655083076511
Fifth quintile,2004,5,2004-05-01,1.01524545109536,110.980875229574,109.517117109073,2.55469528410892
Fifth quintile,2004,6,2004-06-01,1.01627032322492,111.0929084387,109.627672680549,2.51318404556564
Fifth quintile,2004,7,2004-07-01,1.01435891906051,110.883964575071,109.421484636574,2.43104845336324
Fifth quintile,2004,8,2004-08-01,1.01667601837466,111.137256731762,109.671436051444,2.48332436649397
Fifth quintile,2004,9,2004-09-01,1.01730055693399,111.205527745292,109.738806619287,2.24368573900078
Fifth quintile,2004,10,2004-10-01,1.02086756350743,111.595452675311,110.123588719233,2.47114814604092
Fifth quintile,2004,11,2004-11-01,1.0197669504061,111.47513989268,110.004862775886,2.37331782984525
Fifth quintile,2004,12,2004-12-01,1.02404837841871,111.943161322925,110.46671133925,2.40483784187071
Fifth quintile,2005,1,2005-01-01,0.992437745425393,111.096618639115,109.631333946083,1.89235740083447
Fifth quintile,2005,2,2005-02-01,0.996246090359721,111.522936810472,110.052029286624,1.99466535414958
Fifth quintile,2005,3,2005-03-01,1.00390840526419,112.38068056393,110.898460015366,2.1421085823488
Fifth quintile,2005,4,2005-04-01,1.00813811952569,112.854168149855,111.365702639739,2.01013424352321
Fifth quintile,2005,5,2005-05-01,1.01057673947817,113.1271549766,111.635088966095,1.93391856262308
Fifth quintile,2005,6,2005-06-01,1.01171888363978,113.255010204737,111.761257875503,1.94621042551095
Fifth quintile,2005,7,2005-07-01,1.01076547062957,113.148282138328,111.655937475718,2.0420604295079
Fifth quintile,2005,8,2005-08-01,1.01348491691964,113.452705553087,111.956345764046,2.08341368989642
Fifth quintile,2005,9,2005-09-01,1.01824299328266,113.985339662979,112.48195481217,2.49970660096508
Fifth quintile,2005,10,2005-10-01,1.02081938813673,114.27374944776,112.76656067881,2.40000529433893
Fifth quintile,2005,11,2005-11-01,1.01815137734882,113.975083885718,112.471834301252,2.24260224785906
Fifth quintile,2005,12,2005-12-01,1.02203074675633,114.409352761133,112.900375481769,2.20307467563292
Fifth quintile,2006,1,2006-01-01,0.993848769782823,113.705594493302,112.205899280575,2.34838457384701
Fifth quintile,2006,2,2006-02-01,0.996923606952205,114.057384623696,112.553049551544,2.27257987075056
Fifth quintile,2006,3,2006-03-01,1.00297056465986,114.749213141203,113.235753347261,2.10759764524335
Fifth quintile,2006,4,2006-04-01,1.0100662253776,115.561023091332,114.036856106585,2.39854228324383
Fifth quintile,2006,5,2006-05-01,1.01288797746354,115.883857921137,114.355432976604,2.43681806115192
Fifth quintile,2006,6,2006-06-01,1.01377532677307,115.985378981313,114.455615046833,2.41081500203852
Fifth quintile,2006,7,2006-07-01,1.01255890364479,115.846208798523,114.318280418905,2.38441681058503
Fifth quintile,2006,8,2006-08-01,1.01369950265707,115.976703993279,114.447054475667,2.22471419071701
Fifth quintile,2006,9,2006-09-01,1.01313129680676,115.911695929709,114.382903821815,1.69000353240647
Fifth quintile,2006,10,2006-10-01,1.01367626118279,115.974044951249,114.444430504494,1.48791433877484
Fifth quintile,2006,11,2006-11-01,1.013885538167,115.99798819556,114.46805795459,1.77486538362224
Fifth quintile,2006,12,2006-12-01,1.01831639301244,116.504919430605,114.968303130345,1.83163930124381
Fifth quintile,2007,1,2007-01-01,0.993621213675336,115.761759443785,114.234944890568,1.8083234687319
Fifth quintile,2007,2,2007-02-01,0.996963745757405,116.151180874701,114.619230132202,1.83573931483014
Fifth quintile,2007,3,2007-03-01,1.00429921622284,117.005799270262,115.462576724276,1.96653734460166
Fifth quintile,2007,4,2007-04-01,1.01104616042101,117.791851460473,116.238261450055,1.93043321135822
Fifth quintile,2007,5,2007-05-01,1.01367207380923,118.097783288199,116.540158256466,1.91046916005189
Fifth quintile,2007,6,2007-06-01,1.01481843567063,118.231340084499,116.671953534444,1.93641743719057
Fifth quintile,2007,7,2007-07-01,1.01245009155277,117.955416343865,116.399669029985,1.8206962206333
Fifth quintile,2007,8,2007-08-01,1.01320462129464,118.043322770649,116.486416034069,1.7819257714806
Fifth quintile,2007,9,2007-09-01,1.01647086835867,118.423856621684,116.861930916625,2.16730561297132
Fifth quintile,2007,10,2007-10-01,1.02106456408209,118.95904477183,117.390060319044,2.5738516077759
Fifth quintile,2007,11,2007-11-01,1.02612195744986,119.548255978671,117.971500252799,3.06062875601394
Fifth quintile,2007,12,2007-12-01,1.0306971015519,120.081282773662,118.497496806787,3.06971015518984
Fifth quintile,2008,1,2008-01-01,0.994832963558029,119.460818409572,117.885215922504,3.19540665549678
Fifth quintile,2008,2,2008-02-01,0.99878199148705,119.935022748998,118.353165846913,3.25768696090922
Fifth quintile,2008,3,2008-03-01,1.00907441376593,121.170950019094,119.572792123039,3.55978145938896
Fifth quintile,2008,4,2008-04-01,1.01208120696272,121.5320096032,119.929089590275,3.17522655120377
Fifth quintile,2008,5,2008-05-01,1.01860116759006,122.314934838964,120.701688603893,3.57089814334137
Fifth quintile,2008,6,2008-06-01,1.02276118167253,122.814474666343,121.194639859346,3.87641261493679
Fifth quintile,2008,7,2008-07-01,1.02117406352556,122.623891483342,121.006570331794,3.95783024144321
Fifth quintile,2008,8,2008-08-01,1.02013856572929,122.499547579657,120.883866434987,3.77507571323357
Fifth quintile,2008,9,2008-09-01,1.02150458730463,122.66358120272,121.045736572248,3.58012709768449
Fifth quintile,2008,10,2008-10-01,1.02156843285526,122.67124785834,121.053302110181,3.12057237314762
Fifth quintile,2008,11,2008-11-01,1.0164134493972,122.052230832019,120.44244947432,2.09453064191487
Fifth quintile,2008,12,2008-12-01,1.01566994623388,121.962950018421,120.354346210599,1.56699462338825
Fifth quintile,2009,1,2009-01-01,0.990074404771537,120.752395143669,119.159757686126,1.08117184470373
Fifth quintile,2009,2,2009-02-01,0.99493561378495,121.345282535601,119.744825318729,1.17585318639943
Fifth quintile,2009,3,2009-03-01,0.999239594991491,121.870208780375,120.262828162945,0.577084491926527
Fifth quintile,2009,4,2009-04-01,1.00339071480113,122.376491598238,120.762433473676,0.69486384516726
Fifth quintile,2009,5,2009-05-01,1.00394347378403,122.443907714441,120.828960419674,0.105443276936557
Fifth quintile,2009,6,2009-06-01,1.00604088861101,122.699714614153,121.081393409908,-0.0934417970703594
Fifth quintile,2009,7,2009-07-01,0.999543926164043,121.907325907962,120.299455742249,-0.584360491836167
Fifth quintile,2009,8,2009-08-01,1.00348018723617,122.38740392036,120.773201870098,-0.0915461824250619
Fifth quintile,2009,9,2009-09-01,1.00301473267918,122.330635709491,120.717182391202,-0.271429783774591
Fifth quintile,2009,10,2009-10-01,1.00538279877019,122.619452035789,121.002189437369,-0.0422232784412779
Fifth quintile,2009,11,2009-11-01,1.00614592174544,122.712524765077,121.094034604133,0.540992924551231
Fifth quintile,2009,12,2009-12-01,1.00987598227726,123.167453951286,121.542963600767,0.987598227726361
Fifth quintile,2010,1,2010-01-01,0.989778750461228,121.908528669394,120.300642640121,0.957441485404842
Fifth quintile,2010,2,2010-02-01,0.993368881209593,122.350715933023,120.736997770992,0.828572299155472
Fifth quintile,2010,3,2010-03-01,1.00521261237921,123.809478146467,122.176519957437,1.59125793374793
Fifth quintile,2010,4,2010-04-01,1.00914693565668,124.294058727575,122.654709268345,1.56694076149213
Fifth quintile,2010,5,2010-05-01,1.01044100024181,124.453445367774,122.811993713113,1.6411903955396
Fifth quintile,2010,6,2010-06-01,1.0104361893757,124.452852825644,122.811408986187,1.42880382159321
Fifth quintile,2010,7,2010-07-01,1.0058411798099,123.886897196543,122.252917905787,1.62383291884838
Fifth quintile,2010,8,2010-08-01,1.00796126124494,124.148022229067,122.510598886477,1.43856169206105
Fifth quintile,2010,9,2010-09-01,1.01111449121517,124.536397536223,122.893851801973,1.8031148239674
Fifth quintile,2010,10,2010-10-01,1.01425420061946,124.923107549695,123.275461387815,1.87870315489067
Fifth quintile,2010,11,2010-11-01,1.01471745186794,124.980165026511,123.331766317448,1.84792894268568
Fifth quintile,2010,12,2010-12-01,1.02137612277844,125.800296569256,124.141080913552,2.13761227784357
Fifth quintile,2011,1,2011-01-01,0.990617007573471,124.619913339291,122.976266091519,2.22411401358962
Fifth quintile,2011,2,2011-02-01,0.995154544058282,125.190736774774,123.539560775428,2.32121309637967
Fifth quintile,2011,3,2011-03-01,1.00971551391444,127.022511101015,125.34717531252,2.59514295888246
Fifth quintile,2011,4,2011-04-01,1.01575691129763,127.782520683513,126.097160913899,2.80662003610697
Fifth quintile,2011,5,2011-05-01,1.0156758652865,127.772325071277,126.087099774472,2.66676402063024
Fifth quintile,2011,6,2011-06-01,1.0157927349749,127.787027312738,126.101608103917,2.67906633829109
Fifth quintile,2011,7,2011-07-01,1.00953504036881,126.999807475452,125.32477113149,2.5127034007238
Fifth quintile,2011,8,2011-08-01,1.01166010139434,127.267140782691,125.588578504206,2.51241904431565
Fifth quintile,2011,9,2011-09-01,1.01921511209305,128.217563369174,126.526465698658,2.9558955500381
Fifth quintile,2011,10,2011-10-01,1.02243946654965,128.623188116058,126.926740546149,2.96188642672921
Fifth quintile,2011,11,2011-11-01,1.02273358044859,128.660187731769,126.963252163475,2.94448539452461
Fifth quintile,2011,12,2011-12-01,1.02694190482054,129.18959618582,127.485678099843,2.6941904820535
Fifth quintile,2012,1,2012-01-01,0.989692728023582,127.858003881409,126.17164854257,2.59837328991033
Fifth quintile,2012,2,2012-02-01,0.995114621816676,128.558456151101,126.862862349368,2.69007073772998
Fifth quintile,2012,3,2012-03-01,1.00935027901853,130.397554956449,128.677704760943,2.65704387842733
Fifth quintile,2012,4,2012-04-01,1.01445797650283,131.057416331884,129.328863038257,2.56286668227621
Fifth quintile,2012,5,2012-05-01,1.01295007091553,130.862610617974,129.13662667195,2.41858755013948
Fifth quintile,2012,6,2012-06-01,1.01215534475385,130.75994026607,129.035310468325,2.32645912175062
Fifth quintile,2012,7,2012-07-01,1.00654294387341,130.034876462692,128.319809736314,2.38982172301925
Fifth quintile,2012,8,2012-08-01,1.01061957590385,130.561534908503,128.839521935078,2.588566149559
Fifth quintile,2012,9,2012-09-01,1.01807315108647,131.524459276486,129.789746021503,2.57912864697913
Fifth quintile,2012,10,2012-10-01,1.02020087484895,131.799339050155,130.061000328171,2.46934552052296
Fifth quintile,2012,11,2012-11-01,1.01764805338064,131.469541075531,129.735552152216,2.18354519240913
Fifth quintile,2012,12,2012-12-01,1.02200824658455,132.032832674836,130.291414339463,2.20082465845519
Fifth quintile,2013,1,2013-01-01,0.987206942150588,130.343729008405,128.624588738536,1.94412946513829
Fifth quintile,2013,2,2013-02-01,0.991378010619149,130.89444699359,129.168043148612,1.81706510207551
Fifth quintile,2013,3,2013-03-01,1.00470989179509,132.654693030134,130.905072802831,1.73096656178786
Fifth quintile,2013,4,2013-04-01,1.00356764265177,132.503878640121,130.75624754642,1.10368596354264
Fifth quintile,2013,5,2013-05-01,1.00471995937413,132.656022281113,130.906384521944,1.37045383297001
Fifth quintile,2013,6,2013-06-01,1.00584326807804,132.804335911258,131.052742001715,1.5634724526703
Fifth quintile,2013,7,2013-07-01,0.999983064422901,132.030596622619,130.28920777917,1.53475760827808
Fifth quintile,2013,8,2013-08-01,1.00143247103324,132.221965883079,130.478053016384,1.27176122411481
Fifth quintile,2013,9,2013-09-01,1.00642173534461,132.880712583074,131.128111320026,1.03117953424614
Fifth quintile,2013,10,2013-10-01,1.00516695721265,132.715040671933,130.964624502531,0.694769509753423
Fifth quintile,2013,11,2013-11-01,1.00404092292953,132.566367175843,130.817911903188,0.834281531173442
Fifth quintile,2013,12,2013-12-01,1.00783071697342,133.066744418712,131.311689529222,0.783071697342419
Fifth quintile,2014,1,2014-01-01,0.986753046118323,131.304015392212,129.572209633904,0.736733858324334
Fifth quintile,2014,2,2014-02-01,0.990343577124134,131.78179566389,130.043688326584,0.677911623205696
Fifth quintile,2014,3,2014-03-01,1.00117739743081,133.223416861717,131.46629557511,0.428724999163355
Fifth quintile,2014,4,2014-04-01,1.00288101822629,133.450112134696,131.690000900081,0.714117582282392
Fifth quintile,2014,5,2014-05-01,1.00171633592631,133.295131652755,131.537064499506,0.481779387510462
Fifth quintile,2014,6,2014-06-01,1.00314814666909,133.485658046921,131.725077987227,0.513027026555979
Fifth quintile,2014,7,2014-07-01,0.99629148204943,132.573264008411,130.824717771484,0.411016385348773
Fifth quintile,2014,8,2014-08-01,0.99783945202015,132.779247332873,131.027984323679,0.421474182502402
Fifth quintile,2014,9,2014-09-01,1.00209092561513,133.344977083139,131.586252504425,0.349384414818732
Fifth quintile,2014,10,2014-10-01,1.00120035305902,133.226471492429,131.469309917434,0.385360105310983
Fifth quintile,2014,11,2014-11-01,0.998944692235026,132.926318050067,131.17311528363,0.271525034511377
Fifth quintile,2014,12,2014-12-01,0.998387393453386,132.852160115526,131.099935439041,-0.161260654661388
Fifth quintile,2015,1,2015-01-01,0.98178333905863,130.432037359373,128.711732365712,-0.664090911641257
Fifth quintile,2015,2,2015-02-01,0.98874667825063,131.357132012647,129.624625684224,-0.322247582910673
Fifth quintile,2015,3,2015-03-01,1.00186687671317,133.10017871954,131.34468285561,-0.092504865195997
Fifth quintile,2015,4,2015-04-01,1.00680562322194,133.756301861494,131.99215220406,0.229441340962477
Fifth quintile,2015,5,2015-05-01,1.00998437676047,134.178606135561,132.408886587737,0.662795761444723
Fifth quintile,2015,6,2015-06-01,1.01037744806756,134.230826507788,132.46041821072,0.558238594146099
Fifth quintile,2015,7,2015-07-01,1.00446480817169,133.445319525637,131.685271502098,0.65779139085711
Fifth quintile,2015,8,2015-08-01,1.00484172845233,133.495394199111,131.734685726555,0.539351503057106
Fifth quintile,2015,9,2015-09-01,1.00615291480183,133.669588137956,131.906582172322,0.243437032213367
Fifth quintile,2015,10,2015-10-01,1.00707536077666,133.792137078301,132.027514780068,0.42458948250681
Fifth quintile,2015,11,2015-11-01,1.0014229308683,133.041199555075,131.286481584009,0.0864249508246484
Fifth quintile,2015,12,2015-12-01,1.00233678533844,133.162607095463,131.406287846045,0.233678533843573
Fifth quintile,2016,1,2016-01-01,0.982923733315112,130.888686904246,129.162359030714,0.350105353039365
Fifth quintile,2016,2,2016-02-01,0.985248913947951,131.198314019283,129.467902386247,-0.120905497045165
Fifth quintile,2016,3,2016-03-01,0.999327337291289,133.073033575475,131.31789573652,-0.0203945211236345
Fifth quintile,2016,4,2016-04-01,1.00157765668459,133.372691972685,131.613601854462,-0.286797618855961
Fifth quintile,2016,5,2016-05-01,1.00619070885993,133.98697802702,132.219785916463,-0.142815694737253
Fifth quintile,2016,6,2016-06-01,1.00828852793544,134.26632908433,132.495452533749,0.0264488996048362
Fifth quintile,2016,7,2016-07-01,1.0034212983504,133.618196103454,131.855867961884,0.129548625932752
Fifth quintile,2016,8,2016-08-01,1.00446527512694,133.757214772765,131.993053074686,0.196127046348482
Fifth quintile,2016,9,2016-09-01,1.00787411374546,134.211144610374,132.440995903412,0.40514561312166
Fifth quintile,2016,10,2016-10-01,1.00998342106163,134.492025471761,132.718172147757,0.523116237429311
Fifth quintile,2016,11,2016-11-01,1.00495659927437,133.822640777166,132.05761615703,0.587367841469044
Fifth quintile,2016,12,2016-12-01,1.01104933414865,134.633965237366,132.858239829688,1.10493341486451
Fifth quintile,2017,1,2017-01-01,0.988725237936067,133.115999313591,131.360294787376,1.70168443279897
Fifth quintile,2017,2,2017-02-01,0.993196189312282,133.717941225754,131.954297517584,1.92047224486498
Fifth quintile,2017,3,2017-03-01,1.00302019638103,135.040586251939,133.259497804812,1.478551005864
Fifth quintile,2017,4,2017-04-01,1.00971895146689,135.942466211303,134.14948261457,1.9267619185074
Fifth quintile,2017,5,2017-05-01,1.00867248885782,135.801576800771,134.010451434281,1.35430979970703
Fifth quintile,2017,6,2017-06-01,1.01034999325302,136.0274258692,134.233321715534,1.31164439877105
Fifth quintile,2017,7,2017-07-01,1.00604206176407,135.447431970872,133.660977520606,1.369002067654
Fifth quintile,2017,8,2017-08-01,1.00923138024993,135.876822565028,134.084704760893,1.58466800902248
Fifth quintile,2017,9,2017-09-01,1.01265207432318,136.337364171974,134.539172154461,1.5842347278777
Fifth quintile,2017,10,2017-10-01,1.01225402309521,136.283772956785,134.486287768951,1.33223325229768
Fifth quintile,2017,11,2017-11-01,1.00876333496327,135.813807772175,134.022521087947,1.48791488752946
Fifth quintile,2017,12,2017-12-01,1.01288958759582,136.369341525665,134.570727749799,1.28895875958162
Fifth quintile,2018,1,2018-01-01,0.98836764747968,134.783045272074,133.005353605697,1.25232576630896
Fifth quintile,2018,2,2018-02-01,0.991258715028299,135.177298249986,133.394406669689,1.09136964782315
Fifth quintile,2018,3,2018-03-01,1.00378216486806,136.885112858263,135.079696428563,1.365905360395
Fifth quintile,2018,4,2018-04-01,1.00816021074744,137.482144092005,135.668853248674,1.13259522473905
Fifth quintile,2018,5,2018-05-01,1.01535855783791,138.463777944805,136.637540055234,1.96036099635211
Fifth quintile,2018,6,2018-06-01,1.01701502567202,138.6896693726,136.860452137164,1.95713730991272
Fifth quintile,2018,7,2018-07-01,1.01517015816328,138.438086005231,136.612186973911,2.20798134807165
Fifth quintile,2018,8,2018-08-01,1.01698549798091,138.685642700807,136.856478574283,2.0671812033539
Fifth quintile,2018,9,2018-09-01,1.02026955598842,139.133487528824,137.298416650327,2.05088559092503
Fifth quintile,2018,10,2018-10-01,1.02228586017607,139.408449603208,137.569752172223,2.29277233718361
Fifth quintile,2018,11,2018-11-01,1.0148249664274,138.39101243551,136.565734270801,1.89760135998742
Fifth quintile,2018,12,2018-12-01,1.01492007765965,138.403982691623,136.578533458542,1.49200776596494
Fifth quintile,2019,1,2019-01-01,0.987096080444076,136.618028832751,134.816135049727,1.3614350061407
Fifth quintile,2019,2,2019-02-01,0.99062207050637,137.106039900303,135.297709601424,1.42682364219968
Fifth quintile,2019,3,2019-03-01,1.00212077350461,138.697506191048,136.868185593599,1.3240251587193
Fifth quintile,2019,4,2019-04-01,1.0109048187962,139.913253043547,138.067897617357,1.76830887210762
Fifth quintile,2019,5,2019-05-01,1.01229987607553,140.106334527089,138.258432494659,1.18627167817087
Fifth quintile,2019,6,2019-06-01,1.01459961249193,140.424627206261,138.572527121753,1.25096399862323
Fifth quintile,2019,7,2019-07-01,1.0097502859654,139.753461101617,137.910213216498,0.950154061170849
Fifth quintile,2019,8,2019-08-01,1.01144442505608,139.987936699,138.141596248977,0.939025823316464
Fifth quintile,2019,9,2019-09-01,1.01302972893882,140.207349070149,138.358114728369,0.771821047828025
Fifth quintile,2019,10,2019-10-01,1.01410723610285,140.356480353029,138.505279076623,0.680038227610424
Fifth quintile,2019,11,2019-11-01,1.0093339800753,139.695842708408,137.853354768557,0.942857668236341
Fifth quintile,2019,12,2019-12-01,1.0132828597643,140.242383384537,138.392686965286,1.32828597643035
Fifth quintile,2020,1,2020-01-01,0.987534970672849,138.494257962739,136.6676180636,1.37333933597097
Fifth quintile,2020,2,2020-02-01,0.989977505055645,138.836804806081,137.00564695984,1.26235496775797
Fifth quintile,2020,3,2020-03-01,0.996149916047819,139.702438434853,137.859863502102,0.724549612608172
Fifth quintile,2020,4,2020-04-01,0.999789144916236,140.212812565041,138.363506163683,0.214103749986272
Fifth quintile,2020,5,2020-05-01,0.998744846813667,140.066357710173,138.218982943276,-0.0285331973399749
Fifth quintile,2020,6,2020-06-01,1.00300803248232,140.664237029155,138.808976662993,0.170632336835275
Fifth quintile,2020,7,2020-07-01,0.999648263323721,140.193054994732,138.344009181551,0.314549557234378
Fifth quintile,2020,8,2020-08-01,0.995009060735262,139.542442166723,137.701977469958,-0.318237801615062
Fifth quintile,2020,9,2020-09-01,0.995022313079052,139.544300707001,137.703811497424,-0.472905569889637
Fifth quintile,2020,10,2020-10-01,0.996478705324532,139.74854862665,137.905365533551,-0.433134063243679
Fifth quintile,2020,11,2020-11-01,0.991706355969372,139.079262978739,137.244907283154,-0.441372998448053
Fifth quintile,2020,12,2020-12-01,0.995803269193181,139.653823853765,137.81189011246,-0.419673080681882
Fifth quintile,2021,1,2021-01-01,1.00097482642797,139.789962092025,137.94623278503,0.935565234505509
Fifth quintile,2021,2,2021-02-01,1.00336482463418,140.123734480526,138.275602955194,0.926936971967063
Fifth quintile,2021,3,2021-03-01,1.01387439540127,141.591436225212,139.723946766877,1.35215806647542
Fifth quintile,2021,4,2021-04-01,1.02006685481399,142.456236861258,140.577341302989,1.60001376134993
Fifth quintile,2021,5,2021-05-01,1.0230364881673,142.87095751449,140.986592088349,2.00233649976151
Fifth quintile,2021,6,2021-06-01,1.02617579378794,143.309373548659,141.419225729571,1.88046128523462
Fifth quintile,2021,7,2021-07-01,1.02548811745647,143.213336919395,141.324455754545,2.15437342796836
Fifth quintile,2021,8,2021-08-01,1.0295095994254,143.774952253916,141.878663785737,3.03313459437395
Fifth quintile,2021,9,2021-09-01,1.03417711338796,144.426788426677,142.521902707042,3.49888006528316
Fifth quintile,2021,10,2021-10-01,1.0428587541117,145.639212751072,143.718336024458,4.21518805190573
Fifth quintile,2021,11,2021-11-01,1.04715662803909,146.239427279474,144.310634153857,5.14826160807982
Fifth quintile,2021,12,2021-12-01,1.05168142236012,146.871332108558,144.934204611609,5.16814223601225
Fifth quintile,2022,1,2022-01-01,1.00110676756149,147.033884534649,145.094613087824,5.18200472638761
Fifth quintile,2022,2,2022-02-01,1.0111422081402,148.507803060741,146.549091686026,5.98333223939243
Fifth quintile,2022,3,2022-03-01,1.03695072134954,152.298333775537,150.289628020229,7.5618256553978
Fifth quintile,2022,4,2022-04-01,1.0440004601935,153.333738310568,151.311376312299,7.63567934193277
Fifth quintile,2022,5,2022-05-01,1.05311246346295,154.672030368928,152.632017258574,8.25995223923717
Fifth quintile,2022,6,2022-06-01,1.0620978321697,155.991723440375,153.934304525229,8.84963040286386
Fifth quintile,2022,7,2022-07-01,1.06313297587232,156.143756374904,154.084332254428,9.0287816300137
Fifth quintile,2022,8,2022-08-01,1.06916049113328,157.029025570585,154.957925384559,9.21862473879407
Fifth quintile,2022,9,2022-09-01,1.08157571093237,158.852465440898,156.757315391219,9.98822806445243
Fifth quintile,2022,10,2022-10-01,1.09685485244291,161.096533308026,158.971785613197,10.6134331990474
Fifth quintile,2022,11,2022-11-01,1.09564556874383,160.918924200246,158.796519042122,10.0379885191416
Fifth quintile,2022,12,2022-12-01,1.09285257281313,160.50871316733,158.391718398422,9.28525728131344
Fifth quintile,2023,1,2023-01-01,0.996262876614262,159.908872301738,157.799789003488,8.75647665015233
Fifth quintile,2023,2,2023-02-01,1.00495695532873,161.304347688372,159.176859070964,8.61674899493201
Fifth quintile,2023,3,2023-03-01,1.01522823812287,162.952978072238,160.803745202885,6.99590339077827
Fifth quintile,2023,4,2023-04-01,1.0232212154757,164.235920581517,162.069766620919,7.11010009347541
Fifth quintile,2023,5,2023-05-01,1.02378794704898,164.326885937055,162.159532208681,6.2421470417745
Fifth quintile,2023,6,2023-06-01,1.02701647968387,164.8450935557,162.670905040627,5.67553836836006
Fifth quintile,2023,7,2023-07-01,1.02668031969033,164.791136947717,162.617660081592,5.53808924133437
Fifth quintile,2023,8,2023-08-01,1.03275203146143,165.765699590821,163.579368942638,5.56373192057325
Fifth quintile,2023,9,2023-09-01,1.03519591747075,166.157964589304,163.966460247224,4.59892084654106
Fifth quintile,2023,10,2023-10-01,1.03582253418356,166.258542031526,164.065711145142,3.20429534857218
Fifth quintile,2023,11,2023-11-01,1.0286456723454,165.106593173304,162.928955665889,2.60234710980718
Fifth quintile,2023,12,2023-12-01,1.03047671026194,165.400490713047,163.218976907941,3.04767102619374
Fifth quintile,2024,1,2024-01-01,0.994242638644433,164.448220319624,162.279266277796,2.83870929270325
Fifth quintile,2024,2,2024-02-01,1.00115408190862,165.591376427055,163.407344976334,2.65772671358189
Fifth quintile,2024,3,2024-03-01,1.00994679573182,167.045695608113,164.842482730801,2.51159419379265
Fifth quintile,2024,4,2024-04-01,1.01674582443846,168.170258292563,165.952213240267,2.39554032827649
Fifth quintile,2024,5,2024-05-01,1.0195234502062,168.629678957564,166.40557447631,2.61843519760794
Fifth quintile,2024,6,2024-06-01,1.02190221460166,169.023127755865,166.793833967243,2.53452141646748
Fifth quintile,2024,7,2024-07-01,1.02170085695825,168.989823102835,166.760968578692,2.54788348019552
Fifth quintile,2024,8,2024-08-01,1.0235437687579,169.294641618839,167.061766757163,2.12887348632986
Fifth quintile,2024,9,2024-09-01,1.02142773221217,168.944648135808,166.716389437069,1.67712908219102
Fifth quintile,2024,10,2024-10-01,1.0246017812534,169.469637404774,167.234454474234,1.93138670290944
Fifth quintile,2024,11,2024-11-01,1.01972514971802,168.663040155796,166.438495664272,2.15403086826391
Fifth quintile,2024,12,2024-12-01,1.02389493168302,169.352724138973,167.119083210529,2.38949316830182
Fifth quintile,2025,1,2025-01-01,0.995123850989972,168.526935020817,166.304185658375,2.48024253060675
Fifth quintile,2025,2,2025-02-01,1.00007522876615,169.365464335454,167.131655372959,2.2791572784961
Fifth quintile,2025,3,2025-03-01,1.00696361365794,170.532031081796,168.282835940876,2.08705495881936
Fifth quintile,2025,4,2025-04-01,1.01392990545118,171.711791574129,169.447036238739,2.10592129519409
Fifth quintile,2025,5,2025-05-01,1.01339345423408,171.620942099145,169.35738500315,1.77386517016023
Fifth quintile,2025,6,2025-06-01,1.01713267932569,172.254190054578,169.982280872378,1.91160957770236
Fifth quintile,2025,7,2025-07-01,1.0173805483961,172.296167356881,170.023704524181,1.95653453760634
Fifth quintile,2025,8,2025-08-01,1.01929376705042,172.620176147865,170.343439871673,1.96434718619969
Fifth quintile,2025,9,2025-09-01,1.01933034657903,172.626370990683,170.349553008958,2.17924799364784
Fifth quintile,2025,10,2025-10-01,1.02113196534386,172.931480036367,170.650637885232,2.04275095209188
Fifth quintile,2025,11,2025-11-01,1.01692148907983,172.218424411131,169.946986952107,2.10798065305291
Fifth quintile,2025,12,2025-12-01,1.01919131143987,172.602825011115,170.326317583968,1.91913114398725
Fifth quintile,2026,1,2026-01-01,0.992343673966521,171.28132150853,169.022243764463,1.63438947452095
Fifth quintile,2026,2,2026-02-01,0.999786145183818,172.5659130657,170.28989248063,1.88967021275739
Fifth quintile,2026,3,2026-03-01,1.01344724372448,174.923857266572,172.616737089212,2.57536731188615
Fifth quintile,2026,4,2026-04-01,1.02496227561209,176.911384300468,174.578050067491,3.02809299156019
Fifth quintile,2026,5,2026-05-01,1.02615663469857,177.117534052872,174.781480852565,3.20275129975234
Fifth quintile,2026,6,2026-06-01,1.02542555673534,176.991347931115,174.65695903522,2.75009732711624
Fifth quintile,2026,7,2026-07-01,1.02792867221536,177.423392734295,175.083305477419,2.97582091120661
First quintile,2000,1,2000-01-01,1.00141103301953,100.141103301953,98.8242191964966,
First quintile,2000,2,2000-02-01,1.00431555567882,100.431555567882,99.110851932185,
First quintile,2000,3,2000-03-01,1.00770845219319,100.770845219319,99.4456798278147,
First quintile,2000,4,2000-04-01,1.00844987248583,100.844987248583,99.5188468682214,
First quintile,2000,5,2000-05-01,1.00999679742138,100.999679742138,99.6715051113117,
First quintile,2000,6,2000-06-01,1.01295367595901,101.295367595901,99.9633045853591,
First quintile,2000,7,2000-07-01,1.01302565332374,101.302565332374,99.9704076695414,
First quintile,2000,8,2000-08-01,1.01379907045925,101.379907045925,100.046732317473,
First quintile,2000,9,2000-09-01,1.01952157332494,101.952157332494,100.611457349357,
First quintile,2000,10,2000-10-01,1.02009240835724,102.009240835724,100.667790188219,
First quintile,2000,11,2000-11-01,1.02286907330677,102.286907330677,100.941805289471,
First quintile,2000,12,2000-12-01,1.02576307399302,102.576307399302,101.22739966455,
First quintile,2001,1,2001-01-01,0.997687224924272,102.339071472188,100.993283457625,2.19487113459047
First quintile,2001,2,2001-02-01,1.0010360668236,102.682583308285,101.332278014981,2.24135504789766
First quintile,2001,3,2001-03-01,1.00639942207669,103.232736485418,101.875196520729,2.44305906211355
First quintile,2001,4,2001-04-01,1.01273273159652,103.88238398958,102.516300974693,3.01194617984308
First quintile,2001,5,2001-05-01,1.01811605424321,104.434585348215,103.061240727772,3.40090742351527
First quintile,2001,6,2001-06-01,1.01960063811953,104.586868480273,103.211521293155,3.24940909193605
First quintile,2001,7,2001-07-01,1.01647663370534,104.266419643166,102.895286449766,2.92574457622834
First quintile,2001,8,2001-08-01,1.01528100723048,104.143776694346,102.774256290747,2.72624993350004
First quintile,2001,9,2001-09-01,1.01836413758251,104.460032821089,103.08635355911,2.45985524407915
First quintile,2001,10,2001-10-01,1.0190774491873,104.533201691533,103.158560238013,2.47424726929693
First quintile,2001,11,2001-11-01,1.0181065506683,104.433610506594,103.060278705596,2.0987076762194
First quintile,2001,12,2001-12-01,1.02204234027146,104.837329270787,103.458688452751,2.20423402714565
First quintile,2002,1,2002-01-01,1.00386433853522,105.242456202217,103.858487849342,2.83702469473559
First quintile,2002,2,2002-02-01,1.00496049338737,105.357374149383,103.971894592686,2.60491190903092
First quintile,2002,3,2002-03-01,1.01027877416205,105.914928502113,104.522116946458,2.59819908685153
First quintile,2002,4,2002-04-01,1.01478179291357,106.38701296168,104.987993360569,2.41102377122115
First quintile,2002,5,2002-05-01,1.01620769533327,106.536500763161,105.135515354773,2.01266219225902
First quintile,2002,6,2002-06-01,1.01514618184104,106.42521452365,105.025692561091,1.7577216624709
First quintile,2002,7,2002-07-01,1.01341099220538,106.24330187647,104.84617211717,1.89599128853735
First quintile,2002,8,2002-08-01,1.01372905965222,106.276647218124,104.879078958059,2.04800573925583
First quintile,2002,9,2002-09-01,1.01664168267564,106.581998837073,105.180415116019,2.03136640749324
First quintile,2002,10,2002-10-01,1.0188747156056,106.816104045623,105.411441774225,2.18390168592288
First quintile,2002,11,2002-11-01,1.01788707875193,106.712562835595,105.309262160676,2.18220199220007
First quintile,2002,12,2002-12-01,1.02231885600106,107.177178526317,105.767768022386,2.23188560010597
First quintile,2003,1,2003-01-01,1.00220987072477,107.414026235506,106.001501116563,2.06339733188641
First quintile,2003,2,2003-02-01,1.00670497220862,107.895798529734,106.476937967543,2.40934666495296
First quintile,2003,3,2003-03-01,1.012463980109,108.513032747608,107.08605537919,2.45301043227568
First quintile,2003,4,2003-04-01,1.01307841059422,108.578885673414,107.151042320217,2.06028221933823
First quintile,2003,5,2003-05-01,1.01246686513406,108.513341956454,107.086360521852,1.85555295990714
First quintile,2003,6,2003-06-01,1.01358450422812,108.633127361166,107.204570714285,2.07461441106567
First quintile,2003,7,2003-07-01,1.01150719099728,108.410486790168,106.984857930375,2.0398320415701
First quintile,2003,8,2003-08-01,1.01285735109309,108.555193139797,107.127661350183,2.14397610511365
First quintile,2003,9,2003-09-01,1.01706849623727,109.006531794714,107.5730647729,2.27480529929616
First quintile,2003,10,2003-10-01,1.01866842269244,109.178007398029,107.742285423064,2.21118657482313
First quintile,2003,11,2003-11-01,1.01966972196606,109.285323829036,107.848190612357,2.41092606631976
First quintile,2003,12,2003-12-01,1.02190917895214,109.525342510235,108.085052979356,2.19091789521348
First quintile,2004,1,2004-01-01,0.999188187199002,109.436428435151,107.997308149751,1.88281016038958
First quintile,2004,2,2004-02-01,1.00114336404251,109.650569848605,108.208633542466,1.62635741408206
First quintile,2004,3,2004-03-01,1.00803524851572,110.405405856074,108.95354324088,1.74391320613756
First quintile,2004,4,2004-04-01,1.01279361986898,110.926568108331,109.467852060693,2.16219057725282
First quintile,2004,5,2004-05-01,1.01613665273827,111.292714928362,109.829183945482,2.56131911689173
First quintile,2004,6,2004-06-01,1.01629381908529,111.309928626351,109.846171278425,2.4640745693397
First quintile,2004,7,2004-07-01,1.01346505108293,111.000106842011,109.540423739025,2.38871729895882
First quintile,2004,8,2004-08-01,1.01515187010267,111.184856272901,109.72274366214,2.42242039007512
First quintile,2004,9,2004-09-01,1.01645074930153,111.327116462035,109.863133089162,2.12884918831375
First quintile,2004,10,2004-10-01,1.02070548835403,111.793118214052,110.323006785065,2.39527252635112
First quintile,2004,11,2004-11-01,1.0199381226326,111.709072220582,110.24006602041,2.21781690955811
First quintile,2004,12,2004-12-01,1.02409870546358,112.164761480187,110.689762836122,2.40987054635826
First quintile,2005,1,2005-01-01,0.995516099641991,111.66182586603,110.193440968913,2.03350699826375
First quintile,2005,2,2005-02-01,0.999245326053662,112.080113657001,110.606228155983,2.21571471242719
First quintile,2005,3,2005-03-01,1.00687097161289,112.935442372284,111.450309054406,2.29158753286793
First quintile,2005,4,2005-04-01,1.01102162114132,113.400998986629,111.909743466324,2.23069271906209
First quintile,2005,5,2005-05-01,1.01275437853348,113.595353306223,112.101541971115,2.06899290698654
First quintile,2005,6,2005-06-01,1.01413630098193,113.750356308038,112.254506639192,2.1924618152251
First quintile,2005,7,2005-07-01,1.01237651056807,113.552969836012,112.05971585564,2.29987435744943
First quintile,2005,8,2005-08-01,1.01455056356901,113.796821972308,112.300361266708,2.34920994365981
First quintile,2005,9,2005-09-01,1.02096904542029,114.516749458221,113.010821500593,2.86509980456864
First quintile,2005,10,2005-10-01,1.02367320441275,114.820060806615,113.31014421814,2.70762873504173
First quintile,2005,11,2005-11-01,1.02163721298422,114.591694313658,113.08478080978,2.58047268299251
First quintile,2005,12,2005-12-01,1.02456907928729,114.920546398234,113.409308395534,2.45690792872924
First quintile,2006,1,2006-01-01,0.997508137465451,114.634180194214,113.126707988874,2.66192524180144
First quintile,2006,2,2006-02-01,1.00021414411404,114.945155956827,113.433594331404,2.5562449986394
First quintile,2006,3,2006-03-01,1.00591787964867,115.600632360978,114.080451033657,2.35992345069902
First quintile,2006,4,2006-04-01,1.01234737562168,116.339513551261,114.809615725288,2.59125985740121
First quintile,2006,5,2006-05-01,1.01537858172011,116.687861412339,115.153382712516,2.7223896190361
First quintile,2006,6,2006-06-01,1.01604162258587,116.764058430917,115.22857771854,2.64940016075015
First quintile,2006,7,2006-07-01,1.01424775574433,116.557906273321,115.025136520687,2.64628608274105
First quintile,2006,8,2006-08-01,1.01499984399733,116.644336666296,115.110430329312,2.50227962840752
First quintile,2006,9,2006-09-01,1.01543129722629,116.693919507113,115.159361141614,1.901180446697
First quintile,2006,10,2006-10-01,1.01649835213244,116.816546039965,115.28037510054,1.73879478840608
First quintile,2006,11,2006-11-01,1.01714483892134,116.890840654984,115.353692720155,2.00638131331918
First quintile,2006,12,2006-12-01,1.02039783280818,117.264676489889,115.722612507077,2.03978328081753
First quintile,2007,1,2007-01-01,0.996806368315449,116.890176303573,115.353037105155,1.96799602486466
First quintile,2007,2,2007-02-01,0.999262162016335,117.178154157433,115.637227968,1.94266403139636
First quintile,2007,3,2007-03-01,1.00529048966646,117.8850640491,116.334841792722,1.97614116935723
First quintile,2007,4,2007-04-01,1.0114696331665,118.609659312617,117.049908421602,1.95131103101553
First quintile,2007,5,2007-05-01,1.01344207622145,118.84095720935,117.278164684942,1.84517547151104
First quintile,2007,6,2007-06-01,1.01434937710646,118.94735155411,117.383159913686,1.86983319399201
First quintile,2007,7,2007-07-01,1.01139302898554,118.600676348119,117.041043585652,1.7525795890734
First quintile,2007,8,2007-08-01,1.01231338626555,118.708601746814,117.147549734534,1.7697087912834
First quintile,2007,9,2007-09-01,1.01716822626343,119.277902988576,117.709364502394,2.214325726976
First quintile,2007,10,2007-10-01,1.02292127028703,119.952531834835,118.375121786672,2.68453904962869
First quintile,2007,11,2007-11-01,1.02957957207418,120.733315439877,119.145637864342,3.28723342510202
First quintile,2007,12,2007-12-01,1.03315171083218,121.152201135711,119.559015093656,3.31517108321813
First quintile,2008,1,2008-01-01,0.998885090148266,121.017127353106,119.425717569864,3.53062265798567
First quintile,2008,2,2008-02-01,1.00209575656571,121.406106656691,119.809581684528,3.60814055286951
First quintile,2008,3,2008-03-01,1.01174033106817,122.574568086682,120.96267751304,3.97803069914653
First quintile,2008,4,2008-04-01,1.01594761657399,123.084289986519,121.465696424334,3.77256852421157
First quintile,2008,5,2008-05-01,1.02250962987396,123.879292341692,122.25024427151,4.23956121749034
First quintile,2008,6,2008-06-01,1.02645992921445,124.357879801937,122.722538169984,4.54867483566117
First quintile,2008,7,2008-07-01,1.02488970778379,124.167644019342,122.534804042255,4.6938751469539
First quintile,2008,8,2008-08-01,1.02296186231291,123.934081297096,122.304312736504,4.40193842180647
First quintile,2008,9,2008-09-01,1.02550726220738,124.242462097081,122.608638240906,4.16217839525601
First quintile,2008,10,2008-10-01,1.02604078603574,124.307099683246,122.672425824354,3.63024254828293
First quintile,2008,11,2008-11-01,1.02099798974213,123.696153812396,122.069514066172,2.45403545966074
First quintile,2008,12,2008-12-01,1.0183984604469,123.381215116362,121.758716903927,1.83984604469001
First quintile,2009,1,2009-01-01,0.99429716224315,122.67759206431,121.064346695942,1.37209066809136
First quintile,2009,2,2009-02-01,0.997501363653563,123.072930327804,121.454486148375,1.37293231536253
First quintile,2009,3,2009-03-01,1.00028813891536,123.416766045861,121.793800328551,0.687090293137183
First quintile,2009,4,2009-04-01,1.00289113204945,123.737926501685,122.110737432668,0.53104788209557
First quintile,2009,5,2009-05-01,1.00319467898678,123.775378491657,122.147696918277,-0.0838831479180069
First quintile,2009,6,2009-06-01,1.00523663383764,124.027317362369,122.396322720893,-0.26581543533476
First quintile,2009,7,2009-07-01,0.997396372235542,123.059976359072,121.441702528031,-0.89207431534859
First quintile,2009,8,2009-08-01,1.00049277344264,123.442014102492,121.818716366027,-0.397039449886427
First quintile,2009,9,2009-09-01,1.00096003092526,123.49966489847,121.875609037575,-0.597860977699294
First quintile,2009,10,2009-10-01,1.0031574715544,123.770787793439,122.143166589052,-0.431441077117201
First quintile,2009,11,2009-11-01,1.00461765914498,123.950947512663,122.320957156519,0.205983526903686
First quintile,2009,12,2009-12-01,1.00689866413997,124.23238068063,122.59868939796,0.689866413996709
First quintile,2010,1,2010-01-01,0.994700876297292,123.574057927522,121.949023777051,0.730749477656811
First quintile,2010,2,2010-02-01,0.997255498438801,123.891424717901,122.262217103507,0.665048266841906
First quintile,2010,3,2010-03-01,1.00737639093042,125.148767286747,123.503025258516,1.40337597263165
First quintile,2010,4,2010-04-01,1.01200847919261,125.724222639082,124.070913208637,1.60524440125489
First quintile,2010,5,2010-05-01,1.01277701808397,125.819700055202,124.165135069469,1.6516383051757
First quintile,2010,6,2010-06-01,1.01293271002709,125.839042035948,124.184222697645,1.46074648078198
First quintile,2010,7,2010-07-01,1.0082237806944,125.254040534491,123.60691413299,1.78292263685849
First quintile,2010,8,2010-08-01,1.00992013144051,125.46478222615,123.814884511222,1.63863830184927
First quintile,2010,9,2010-09-01,1.01339328702986,125.896260613489,124.240688834551,1.94056859748508
First quintile,2010,10,2010-10-01,1.01657608335157,126.291666977756,124.630895492214,2.03673195368537
First quintile,2010,11,2010-11-01,1.01821757822245,126.495593793442,124.832140612038,2.05294621125756
First quintile,2010,12,2010-12-01,1.02345677724265,127.146471960581,125.47445954541,2.34567772426542
First quintile,2011,1,2011-01-01,0.996354788863012,126.682996224961,125.017078648067,2.51585029218884
First quintile,2011,2,2011-02-01,1.00047548876563,127.206928679587,125.534121241297,2.67613676187495
First quintile,2011,3,2011-03-01,1.01299291287255,128.798474992816,127.104738266013,2.91629537005869
First quintile,2011,4,2011-04-01,1.01855713272968,129.505945916863,127.802905745378,3.0079512113091
First quintile,2011,5,2011-05-01,1.01910683577258,129.575838719394,127.871879437596,2.9853343018176
First quintile,2011,6,2011-06-01,1.01853659298141,129.503334360336,127.800328531565,2.91188828610192
First quintile,2011,7,2011-07-01,1.01286226138209,128.781863116748,127.088344840859,2.8165339554743
First quintile,2011,8,2011-08-01,1.0147503297301,129.021924346018,127.325249196411,2.8351717962233
First quintile,2011,9,2011-09-01,1.02223635902524,129.973746559889,128.26455467636,3.23876652613104
First quintile,2011,10,2011-10-01,1.02669842532301,130.541082547305,128.824430033528,3.36476322725006
First quintile,2011,11,2011-11-01,1.02855605269258,130.777273313563,129.057514823762,3.38484479318153
First quintile,2011,12,2011-12-01,1.03082221011296,131.065407234471,129.341859701328,3.08222101129594
First quintile,2012,1,2012-01-01,0.994769515283368,130.379871625052,128.66533908094,2.91820963369549
First quintile,2012,2,2012-02-01,0.999575621488359,131.009785892021,129.286969795415,2.98950477926618
First quintile,2012,3,2012-03-01,1.01153653197565,132.577447495933,130.834016201563,2.93401960180679
First quintile,2012,4,2012-04-01,1.01579263040349,133.135274769607,131.384507887291,2.80244187017795
First quintile,2012,5,2012-05-01,1.01472154824796,132.994892950712,131.245972129402,2.63865105185421
First quintile,2012,6,2012-06-01,1.01423228088832,132.930766924974,131.182689379215,2.64659792859192
First quintile,2012,7,2012-07-01,1.00848320489686,132.177261938931,130.439093198915,2.63655047380771
First quintile,2012,8,2012-08-01,1.01248046273242,132.701164164971,130.956105961073,2.85163923697596
First quintile,2012,9,2012-09-01,1.01972608234053,133.650814249573,131.893267875874,2.82908493984957
First quintile,2012,10,2012-10-01,1.02308197773474,134.090656046052,132.327325627125,2.71912368848413
First quintile,2012,11,2012-11-01,1.02160009857839,133.896432950952,132.135656621189,2.38509303517158
First quintile,2012,12,2012-12-01,1.02427652724552,134.247220164144,132.481830882354,2.42765272455194
First quintile,2013,1,2013-01-01,0.992708242847039,133.268322036247,131.51580554438,2.21541130175478
First quintile,2013,2,2013-02-01,0.995445664460262,133.635813278239,131.878464171597,2.00445132272966
First quintile,2013,3,2013-03-01,1.00576212813142,135.020769848016,133.245208166983,1.84293965393914
First quintile,2013,4,2013-04-01,1.00544918094968,134.97875755881,133.203748351376,1.3846689334531
First quintile,2013,5,2013-05-01,1.00656058896823,135.127960995768,133.350989720531,1.60387214706552
First quintile,2013,6,2013-06-01,1.00772496097148,135.284274700441,133.50524785535,1.7704763388569
First quintile,2013,7,2013-07-01,1.00216662630258,134.5380837224,132.768869501758,1.78610280530669
First quintile,2013,8,2013-08-01,1.00320643913368,134.677675704467,132.906625809397,1.48944551612114
First quintile,2013,9,2013-09-01,1.00797038289481,135.317221911416,133.537761801092,1.2468368944849
First quintile,2013,10,2013-10-01,1.00725192879973,135.220771446335,133.44257968717,0.84279951609374
First quintile,2013,11,2013-11-01,1.00625852813507,135.087410168595,133.310972148316,0.88947643443178
First quintile,2013,12,2013-12-01,1.00965979154408,135.544020326301,133.761577752055,0.965979154407726
First quintile,2014,1,2014-01-01,0.991366887867609,134.373853599949,132.606799052316,0.829553150224038
First quintile,2014,2,2014-02-01,0.993739298854861,134.695419723028,132.924136489047,0.792906047260189
First quintile,2014,3,2014-03-01,1.00145700608026,135.74150878806,133.956469184145,0.533798571031108
First quintile,2014,4,2014-04-01,1.00292051423201,135.939878566728,134.152230343576,0.71205352997834
First quintile,2014,5,2014-05-01,1.00167763595979,135.771413848936,133.98598098493,0.476180391109171
First quintile,2014,6,2014-06-01,1.00221998021089,135.84492536913,134.058525807642,0.414424122781631
First quintile,2014,7,2014-07-01,0.995227460469124,134.89713113112,133.123195334521,0.266874180742094
First quintile,2014,8,2014-08-01,0.99623632250331,135.033876347188,133.258142311948,0.264483806138327
First quintile,2014,9,2014-09-01,1.00064349548387,135.631242291246,133.847652723253,0.2320623904293
First quintile,2014,10,2014-10-01,1.00060957799302,135.626644978178,133.843115866164,0.300156201965751
First quintile,2014,11,2014-11-01,0.998858233419762,135.389260693742,133.608853252858,0.223448302672713
First quintile,2014,12,2014-12-01,0.997219639831998,135.167159131175,133.389672389264,-0.278036016800209
First quintile,2015,1,2015-01-01,0.987076682084939,133.420350962047,131.665835246392,-0.709589412193634
First quintile,2015,2,2015-02-01,0.992676832453981,134.177307378138,132.412837469449,-0.384654761056424
First quintile,2015,3,2015-03-01,1.0026574542439,135.526359671844,133.744149340248,-0.15849913422703
First quintile,2015,4,2015-04-01,1.0062670580856,136.014259568716,134.225633214147,0.0547161015383102
First quintile,2015,5,2015-05-01,1.00852733172863,136.319774335903,134.527130374901,0.40388508259761
First quintile,2015,6,2015-06-01,1.00813158573481,136.266282474181,134.474341946436,0.310175079346009
First quintile,2015,7,2015-07-01,1.00135799935885,135.350716046614,133.570815478847,0.336245042196226
First quintile,2015,8,2015-08-01,1.00144246322247,135.362132787108,133.582082085943,0.24309191796863
First quintile,2015,9,2015-09-01,1.00383950232787,135.686133753311,133.901822346917,0.0404711046935402
First quintile,2015,10,2015-10-01,1.00551331135323,135.912377764197,134.125091184451,0.210675996641618
First quintile,2015,11,2015-11-01,1.00240812493398,135.492658537335,133.71089138528,0.0763707867691643
First quintile,2015,12,2015-12-01,1.00167142683366,135.393081147977,133.612623467029,0.167142683366062
First quintile,2016,1,2016-01-01,0.98706855441361,133.642252886338,131.88481909701,0.16631789879924
First quintile,2016,2,2016-02-01,0.988136433325361,133.786836302493,132.027501199954,-0.291011262094243
First quintile,2016,3,2016-03-01,0.999041440468074,135.263298819486,133.484547813219,-0.194103090347753
First quintile,2016,4,2016-04-01,1.00095798445748,135.522785615367,133.740622283633,-0.361340020456302
First quintile,2016,5,2016-05-01,1.00457989380471,136.013167081526,134.224555093476,-0.224917665738955
First quintile,2016,6,2016-06-01,1.00592625166748,136.195454620895,134.404445499646,-0.0519775339873019
First quintile,2016,7,2016-07-01,1.00075323311482,135.495063700215,133.713264919582,0.106647129633108
First quintile,2016,8,2016-08-01,1.00119502413246,135.554879147316,133.772293776473,0.14239311707005
First quintile,2016,9,2016-09-01,1.00477815395488,136.040010134127,134.251045152269,0.260805117683827
First quintile,2016,10,2016-10-01,1.00768275042404,136.433272399578,134.639135906626,0.383257687011152
First quintile,2016,11,2016-11-01,1.00564281970017,136.157079893545,134.36657541092,0.490374433111729
First quintile,2016,12,2016-12-01,1.01050781034933,136.815765967292,135.016599574697,1.05078103493341
First quintile,2017,1,2017-01-01,0.994256892023012,136.030018250387,134.241184664654,1.78668445980177
First quintile,2017,2,2017-02-01,0.997805866864801,136.515573961765,134.720355179768,2.03961595526672
First quintile,2017,3,2017-03-01,1.00440218400012,137.418054143197,135.610967489095,1.59300811270837
First quintile,2017,4,2017-04-01,1.00919041099082,138.073159086554,136.257457615371,1.88187798797617
First quintile,2017,5,2017-05-01,1.00823628577811,137.94261971475,136.128634873583,1.41857782935588
First quintile,2017,6,2017-06-01,1.00814050472153,137.929515356128,136.11570284102,1.27321483676497
First quintile,2017,7,2017-07-01,1.0032224639627,137.256649842651,135.451685701193,1.30011093712858
First quintile,2017,8,2017-08-01,1.0056520110676,137.589050190761,135.779714889803,1.50062547083569
First quintile,2017,9,2017-09-01,1.00979628168911,138.156051750218,136.339260216836,1.55545535023454
First quintile,2017,10,2017-10-01,1.01175105048653,138.423494940527,136.603186452819,1.45875159771887
First quintile,2017,11,2017-11-01,1.01132089319296,138.36464264092,136.545108077759,1.6213352615239
First quintile,2017,12,2017-12-01,1.01439873715189,138.785740219689,136.960668103115,1.43987371518906
First quintile,2018,1,2018-01-01,0.99380387157004,137.925805949041,136.112042213695,1.39365393244617
First quintile,2018,2,2018-02-01,0.995067214752808,138.101139967813,136.285070540051,1.16145430153762
First quintile,2018,3,2018-03-01,1.00487224312476,139.461938088289,137.627973776643,1.48734746524788
First quintile,2018,4,2018-04-01,1.0087801920277,140.004305669525,138.163209069303,1.39864010916142
First quintile,2018,5,2018-05-01,1.01405318825251,140.736122353761,138.885402155158,2.02511931757423
First quintile,2018,6,2018-06-01,1.01481488951135,140.841835626795,138.989725268463,2.11145545110301
First quintile,2018,7,2018-07-01,1.01181195618441,140.425071302186,138.578441513737,2.30839195271539
First quintile,2018,8,2018-08-01,1.01356926750228,140.668961054232,138.819124045897,2.23848544575338
First quintile,2018,9,2018-09-01,1.01783499251585,141.260982857815,139.403360593701,2.2474086862371
First quintile,2018,10,2018-10-01,1.02126558006026,141.737099489554,139.873216155769,2.39381656304114
First quintile,2018,11,2018-11-01,1.01766885886786,141.237925876503,139.380606818277,2.07660221624613
First quintile,2018,12,2018-12-01,1.01632882800105,141.051948700735,139.19707529548,1.63288280010514
First quintile,2019,1,2019-01-01,0.992294639985663,139.965092655272,138.124511717386,1.47853890879903
First quintile,2019,2,2019-02-01,0.995003534781697,140.347187545078,138.501581950277,1.62637873792262
First quintile,2019,3,2019-03-01,1.00391007759741,141.603472765421,139.741346661218,1.53556927896443
First quintile,2019,4,2019-04-01,1.00978701479154,142.432426209045,140.559399130336,1.73431847535555
First quintile,2019,5,2019-05-01,1.01076619212921,142.570541080647,140.695697751935,1.30344555200597
First quintile,2019,6,2019-06-01,1.01163416964695,142.692971000953,140.816517683827,1.3143363020794
First quintile,2019,7,2019-07-01,1.00688118982474,142.022553934895,140.154916793637,1.13760500022919
First quintile,2019,8,2019-08-01,1.00849209888921,142.249775797617,140.379150623978,1.12378362045058
First quintile,2019,9,2019-09-01,1.01036421780126,142.513841818362,140.639744101141,0.886910833551502
First quintile,2019,10,2019-10-01,1.01252163325062,142.818149471651,140.940050021889,0.762714903854134
First quintile,2019,11,2019-11-01,1.01095198583566,142.596747644998,140.721559692482,0.962079951304085
First quintile,2019,12,2019-12-01,1.01350548829026,142.956924142232,141.076999765922,1.35054882902621
First quintile,2020,1,2020-01-01,0.992381302894585,141.86777863807,140.002176836165,1.35940036669289
First quintile,2020,2,2020-02-01,0.993717392198005,142.058781855266,140.190668306511,1.21954300625973
First quintile,2020,3,2020-03-01,0.998193831098283,142.698719791561,140.822190876197,0.773460568975093
First quintile,2020,4,2020-04-01,1.0004359820732,143.019250798398,141.138506808761,0.412002101608122
First quintile,2020,5,2020-05-01,0.999660965187522,142.908456768263,141.029169751761,0.237016486754271
First quintile,2020,6,2020-06-01,1.0021362794077,143.262320075465,141.378379655422,0.399002887471323
First quintile,2020,7,2020-07-01,0.997198893163614,142.556486524708,140.681828017421,0.375949153863409
First quintile,2020,8,2020-08-01,0.993312045720393,142.000834769615,140.133483241583,-0.175002755966658
First quintile,2020,9,2020-09-01,0.994132821426017,142.118170339902,140.249275815614,-0.27763722696097
First quintile,2020,10,2020-10-01,0.99663431309295,142.475775894374,140.602178754924,-0.239726938448348
First quintile,2020,11,2020-11-01,0.994990198370212,142.240738310674,140.370231982569,-0.249661608839924
First quintile,2020,12,2020-12-01,0.997497343894546,142.59915212321,140.723932551119,-0.25026561054543
First quintile,2021,1,2021-01-01,1.00395548531253,143.163200975012,141.280563999445,0.913119490118208
First quintile,2021,2,2021-02-01,1.0056858018451,143.409942645462,141.524060946468,0.951127957419873
First quintile,2021,3,2021-03-01,1.01425834374863,144.632379852447,142.730422755092,1.35506475721026
First quintile,2021,4,2021-04-01,1.02009353214018,145.464472769561,143.551573412728,1.70971527085539
First quintile,2021,5,2021-05-01,1.02263788420314,145.827295216441,143.909624640821,2.0424532698657
First quintile,2021,6,2021-06-01,1.02516259665278,146.187317071115,144.264912105295,2.04170712446141
First quintile,2021,7,2021-07-01,1.02441577304903,146.080820658435,144.159816150854,2.47223694946772
First quintile,2021,8,2021-08-01,1.02792315764969,146.580970728659,144.653389104828,3.22542889728394
First quintile,2021,9,2021-09-01,1.03272863112527,147.266227171826,145.329634230081,3.62237764503444
First quintile,2021,10,2021-10-01,1.0429887747096,148.729314947615,146.773481983807,4.38919459394749
First quintile,2021,11,2021-11-01,1.04900053338549,149.586586637566,147.619480306227,5.16437724813186
First quintile,2021,12,2021-12-01,1.05424379060114,150.334270670882,148.357332080991,5.42437906011437
First quintile,2022,1,2022-01-01,1.00717511516353,151.412936375971,149.421813024026,5.76246922726917
First quintile,2022,2,2022-02-01,1.0170195486298,152.892892101291,150.882306908931,6.61247698792606
First quintile,2022,3,2022-03-01,1.04344242094452,156.865155339754,154.802333751459,8.45784014602229
First quintile,2022,4,2022-04-01,1.04941141839301,157.762500217809,155.687878288116,8.45431686108713
First quintile,2022,5,2022-05-01,1.05841810949268,159.116514555436,157.024086950541,9.11298486286232
First quintile,2022,6,2022-06-01,1.06621802183608,160.289108688878,158.181261136273,9.64638513127884
First quintile,2022,7,2022-07-01,1.06944506846214,160.774244389828,158.660017164216,10.0584208557733
First quintile,2022,8,2022-08-01,1.07850474302378,162.136223957567,160.004086311703,10.6120549970317
First quintile,2022,9,2022-09-01,1.09430742271561,164.511908283685,162.348529710514,11.7105472470184
First quintile,2022,10,2022-10-01,1.11417993284956,167.499427601071,165.296762295738,12.6203180994061
First quintile,2022,11,2022-11-01,1.11367459057402,167.423457338639,165.221791063952,11.9241110463271
First quintile,2022,12,2022-12-01,1.10674041972218,166.381013820919,164.193055976178,10.6740419722176
First quintile,2023,1,2023-01-01,0.999903172012894,166.364903482258,164.177157493071,9.87496013495228
First quintile,2023,2,2023-02-01,1.00754850803446,167.636942240528,165.432468578417,9.64338494523942
First quintile,2023,3,2023-03-01,1.0155889357819,168.974716760701,166.752650981625,7.71972679000572
First quintile,2023,4,2023-04-01,1.02081083291904,169.843541300447,167.610050230565,7.65773936515852
First quintile,2023,5,2023-05-01,1.02019718344447,169.741441678738,167.509293248038,6.67745089375966
First quintile,2023,6,2023-06-01,1.02172783999917,169.99611386812,167.760616425404,6.05593558953765
First quintile,2023,7,2023-07-01,1.02005286933604,169.717430551069,167.485597873554,5.56257390304151
First quintile,2023,8,2023-08-01,1.02518143628916,170.570726720177,168.327672954365,5.20210879267642
First quintile,2023,9,2023-09-01,1.02863272474699,171.14495559278,168.894350553312,4.03195572788382
First quintile,2023,10,2023-10-01,1.03001757125671,171.375367759053,169.121732733801,2.31400203182377
First quintile,2023,11,2023-11-01,1.0251769644661,170.569982693722,168.326938712071,1.87938142306938
First quintile,2023,12,2023-12-01,1.02699297823837,170.872132906266,168.625115563035,2.69929782383751
First quintile,2024,1,2024-01-01,0.999043890963696,170.708760515942,168.463891566298,2.61104171779041
First quintile,2024,2,2024-02-01,1.00437731801363,171.620094571664,169.36324131894,2.37605880774208
First quintile,2024,3,2024-03-01,1.01050172483645,172.666585028265,170.395970127193,2.18486430297846
First quintile,2024,4,2024-04-01,1.01545005122583,173.512116112735,171.230382236446,2.15997310477563
First quintile,2024,5,2024-05-01,1.01701659933012,173.779795528614,171.494541591566,2.37912074384283
First quintile,2024,6,2024-06-01,1.01918154464606,174.149724352375,171.859605745654,2.44335613899775
First quintile,2024,7,2024-07-01,1.01864591476147,174.058200131547,171.769285094467,2.55764512011771
First quintile,2024,8,2024-08-01,1.01994497813221,174.280173860486,171.988339805482,2.1747267023104
First quintile,2024,9,2024-09-01,1.01920392847818,174.153549125513,171.863380221933,1.75792124419469
First quintile,2024,10,2024-10-01,1.02368163490482,174.91866437316,172.618433985582,2.06756470339911
First quintile,2024,11,2024-11-01,1.02159736357559,174.562520485578,172.266973491825,2.34070363894303
First quintile,2024,12,2024-12-01,1.02500389110703,175.14460111068,172.841399590484,2.50038911070292
First quintile,2025,1,2025-01-01,0.999338179744009,175.028686865938,172.727009651161,2.53058269355331
First quintile,2025,2,2025-02-01,1.00263720683638,175.606493650084,173.297218111093,2.32280438276731
First quintile,2025,3,2025-03-01,1.00799778700369,176.54537032521,174.223748289828,2.24640181324611
First quintile,2025,4,2025-04-01,1.01299126257068,177.419950611547,175.086827595648,2.25219689919101
First quintile,2025,5,2025-05-01,1.01167671691102,177.189715036344,174.859619684007,1.96220711237292
First quintile,2025,6,2025-06-01,1.01402479130079,177.600967588717,175.265464147877,1.98176784326078
First quintile,2025,7,2025-07-01,1.0142922374007,177.647809329205,175.3116899061,2.06230398507212
First quintile,2025,8,2025-08-01,1.01530714656406,177.825565189785,175.487108226352,2.03430559584876
First quintile,2025,9,2025-09-01,1.01603339432506,177.952763564193,175.612633905813,2.18153144610465
First quintile,2025,10,2025-10-01,1.01931360034531,178.527273939171,176.179589305299,2.06302144996535
First quintile,2025,11,2025-11-01,1.01672163597144,178.073305372817,175.731590555231,2.01119053361072
First quintile,2025,12,2025-12-01,1.01848640847097,178.382395748297,176.036616304007,1.84864084709662
First quintile,2026,1,2026-01-01,0.995848933470296,177.641918555817,175.305876598065,1.49303050641139
First quintile,2026,2,2026-02-01,1.0016307835398,178.673298823074,176.323693920278,1.74640761240938
First quintile,2026,3,2026-03-01,1.01363544257436,180.8147186618,178.436953476605,2.41827261101506
First quintile,2026,4,2026-04-01,1.02356655378871,182.586254072657,180.185192690917,2.91190671810191
First quintile,2026,5,2026-05-01,1.02377758805729,182.623898871072,180.222342449483,3.06687317241496
First quintile,2026,6,2026-06-01,1.022319704436,182.363838097984,179.965701549825,2.68178184721153
First quintile,2026,7,2026-07-01,1.02406837702705,182.675770504156,180.273531955779,2.83029731350837
Fourth quintile,2000,1,2000-01-01,1.00037994170771,100.037994170771,98.7135226515233,
Fourth quintile,2000,2,2000-02-01,1.00378975722473,100.378975722473,99.0499897149294,
Fourth quintile,2000,3,2000-03-01,1.00754234104426,100.754234104426,99.4202797941552,
Fourth quintile,2000,4,2000-04-01,1.00843160386945,100.843160386945,99.5080287207159,
Fourth quintile,2000,5,2000-05-01,1.00957975625162,100.957975625162,99.6213238413598,
Fourth quintile,2000,6,2000-06-01,1.01350933486943,101.350933486943,100.009079064877,
Fourth quintile,2000,7,2000-07-01,1.01436347403047,101.436347403047,100.093362127647,
Fourth quintile,2000,8,2000-08-01,1.01510450957871,101.510450957871,100.166484574757,
Fourth quintile,2000,9,2000-09-01,1.01964284460314,101.964284460314,100.614309464638,
Fourth quintile,2000,10,2000-10-01,1.01999784984751,101.999784984751,100.649339973318,
Fourth quintile,2000,11,2000-11-01,1.02210393015069,102.210393015069,100.857159619681,
Fourth quintile,2000,12,2000-12-01,1.02656256945729,102.656256945729,101.297120452397,
Fourth quintile,2001,1,2001-01-01,0.995251177065616,102.168760558387,100.816078363606,2.12995712806732
Fourth quintile,2001,2,2001-02-01,0.998608049159845,102.513364482626,101.156119840478,2.12633048383983
Fourth quintile,2001,3,2001-03-01,1.00407967125981,103.07506072683,101.710379403408,2.30345319284435
Fourth quintile,2001,4,2001-04-01,1.01051864617583,103.736061790276,102.362629021067,2.86871354708738
Fourth quintile,2001,5,2001-05-01,1.01564229280371,104.262036175006,102.881639670686,3.27270879728343
Fourth quintile,2001,6,2001-06-01,1.01710099737321,104.411781326101,103.029402243167,3.02004898608299
Fourth quintile,2001,7,2001-07-01,1.01430239091948,104.124486862897,102.745911468125,2.650075173911
Fourth quintile,2001,8,2001-08-01,1.0132681211822,104.018312602996,102.641142921968,2.47054527042292
Fourth quintile,2001,9,2001-09-01,1.01608303077503,104.307280685436,102.926285158055,2.29785972365058
Fourth quintile,2001,10,2001-10-01,1.01665800995944,104.366305896329,102.984528893755,2.3201234315656
Fourth quintile,2001,11,2001-11-01,1.01583278375632,104.281591263184,102.900935855658,2.02640669604828
Fourth quintile,2001,12,2001-12-01,1.02090834976333,104.802629871345,103.415076076834,2.09083497633344
Fourth quintile,2002,1,2002-01-01,1.00099776541027,104.907198310335,103.518260062644,2.68030828306214
Fourth quintile,2002,2,2002-02-01,1.00268555204705,105.084082788532,103.692802646089,2.50769089365128
Fourth quintile,2002,3,2002-03-01,1.00858178051255,105.702023038039,104.302561561415,2.54859157267038
Fourth quintile,2002,4,2002-04-01,1.01320209456694,106.18624410177,104.780371690848,2.36193881781233
Fourth quintile,2002,5,2002-05-01,1.01512698492924,106.387977673953,104.979434374104,2.03903700420514
Fourth quintile,2002,6,2002-06-01,1.01450179257778,106.322455871344,104.914780059516,1.8299415266904
Fourth quintile,2002,7,2002-07-01,1.01330216277784,106.196731513439,104.790720252492,1.99016073257667
Fourth quintile,2002,8,2002-08-01,1.01384569947835,106.253695589084,104.846930141725,2.14902831063977
Fourth quintile,2002,9,2002-09-01,1.01639288955621,106.520647808026,105.11034799741,2.12196800457767
Fourth quintile,2002,10,2002-10-01,1.0186875705563,106.761136411551,105.347652607606,2.2946395339519
Fourth quintile,2002,11,2002-11-01,1.0175615960709,106.643131324313,105.231209870538,2.2645800016321
Fourth quintile,2002,12,2002-12-01,1.02307718535994,107.221179587095,105.801604956472,2.30771853599432
Fourth quintile,2003,1,2003-01-01,0.999145016761048,107.129507275687,105.71114635758,2.11835698707583
Fourth quintile,2003,2,2003-02-01,1.00345086977582,107.59118591506,106.16671251725,2.38580673685223
Fourth quintile,2003,3,2003-03-01,1.00942136960689,108.231349949672,106.798400981769,2.39288410849297
Fourth quintile,2003,4,2003-04-01,1.01070023368062,108.368471264188,106.933706853291,2.05509402924786
Fourth quintile,2003,5,2003-05-01,1.00986132270887,108.278522240229,106.844948726065,1.77702838949605
Fourth quintile,2003,6,2003-06-01,1.01114974117237,108.416667987688,106.981265467359,1.96967996946718
Fourth quintile,2003,7,2003-07-01,1.00943488684637,108.232799284033,106.7998311274,1.91726029754153
Fourth quintile,2003,8,2003-08-01,1.01105798470649,108.406829751181,106.971557486003,2.0264087288062
Fourth quintile,2003,9,2003-09-01,1.0145393259936,108.78010327053,107.33988898158,2.12114318585053
Fourth quintile,2003,10,2003-10-01,1.01595064912849,108.931427001831,107.489209234364,2.03284702957243
Fourth quintile,2003,11,2003-11-01,1.01616988226102,108.954933436906,107.512404451646,2.16779279066979
Fourth quintile,2003,12,2003-12-01,1.0197058666358,109.334065852572,107.886517273598,1.97058666358014
Fourth quintile,2004,1,2004-01-01,0.997088047134527,109.015690206218,107.572356820477,1.76065677748061
Fourth quintile,2004,2,2004-02-01,0.999619230768465,109.292434804336,107.845437407323,1.58121585407496
Fourth quintile,2004,3,2004-03-01,1.00618584760406,110.010389721868,108.553886827986,1.64373794933153
Fourth quintile,2004,4,2004-04-01,1.01157026084039,110.599089513226,109.134792419615,2.058364599054
Fourth quintile,2004,5,2004-05-01,1.01504681174513,110.979194958785,109.509865388852,2.49419059540152
Fourth quintile,2004,6,2004-06-01,1.01540595259612,111.018461288237,109.548611844475,2.39980931792234
Fourth quintile,2004,7,2004-07-01,1.01294795734044,110.749718673087,109.283427296865,2.32546825519038
Fourth quintile,2004,8,2004-08-01,1.01504587892881,110.979092970184,109.509764750548,2.37278705124704
Fourth quintile,2004,9,2004-09-01,1.01601516215337,111.085068646087,109.614337341897,2.11892184899376
Fourth quintile,2004,10,2004-10-01,1.02002722553975,111.523723848579,110.047184887735,2.37975111324316
Fourth quintile,2004,11,2004-11-01,1.01897338985313,111.40850370822,109.933490225727,2.25191296430352
Fourth quintile,2004,12,2004-12-01,1.02325042619478,111.876129481252,110.39492478088,2.32504261947779
Fourth quintile,2005,1,2005-01-01,0.993059445395297,111.099647095624,109.628722777356,1.91161188399929
Fourth quintile,2005,2,2005-02-01,0.996981954130468,111.538482190772,110.061747834127,2.0550803817815
Fourth quintile,2005,3,2005-03-01,1.00466667260596,112.398218749963,110.910101752192,2.17054864920674
Fourth quintile,2005,4,2005-04-01,1.00884618275805,112.865806168906,111.371498461052,2.04948943581333
Fourth quintile,2005,5,2005-05-01,1.01115647874325,113.124273141687,111.62654341256,1.93286514981317
Fourth quintile,2005,6,2005-06-01,1.0123218100582,113.254645898767,111.755190075419,2.01424572506363
Fourth quintile,2005,7,2005-07-01,1.01123434712659,113.132984755023,111.635139686881,2.15193872317694
Fourth quintile,2005,8,2005-08-01,1.01374470831057,113.413834247887,111.91227082096,2.193873830233
Fourth quintile,2005,9,2005-09-01,1.01918106621806,114.022032929053,112.51241714324,2.64388753480651
Fourth quintile,2005,10,2005-10-01,1.02173883080962,114.30818573168,112.794781372931,2.49674399940332
Fourth quintile,2005,11,2005-11-01,1.01895284238223,113.996500129644,112.48722239005,2.32297924779754
Fourth quintile,2005,12,2005-12-01,1.02290556516571,114.438715455572,112.923582924412,2.29055651657106
Fourth quintile,2006,1,2006-01-01,0.99491133024962,113.856374625961,112.34895210388,2.48131078937086
Fourth quintile,2006,2,2006-02-01,0.998011842521815,114.211193267645,112.699073058557,2.39622328041216
Fourth quintile,2006,3,2006-03-01,1.00380052081045,114.873642175182,113.352751351307,2.20236891006795
Fourth quintile,2006,4,2006-04-01,1.01077499275029,115.671791784959,114.14033371176,2.48612552490339
Fourth quintile,2006,5,2006-05-01,1.01372641490581,116.009548745203,114.473618876283,2.55053625838815
Fourth quintile,2006,6,2006-06-01,1.01451121052632,116.09935974791,114.562240809614,2.51178556655907
Fourth quintile,2006,7,2006-07-01,1.0132457217339,115.954538836081,114.419337281023,2.49401541660748
Fourth quintile,2006,8,2006-08-01,1.01412188162668,116.054805448745,114.518276395331,2.32861468653445
Fourth quintile,2006,9,2006-09-01,1.01362892261775,115.998391852991,114.462609697807,1.73331317918854
Fourth quintile,2006,10,2006-10-01,1.01422545293548,116.066658016283,114.529972038609,1.53836076860743
Fourth quintile,2006,11,2006-11-01,1.01449470564407,116.097470950386,114.560377019175,1.84301344195008
Fourth quintile,2006,12,2006-12-01,1.01892052546537,116.603956085574,115.060156450774,1.89205254653737
Fourth quintile,2007,1,2007-01-01,0.99438575539929,115.949312954699,114.414180588664,1.83822674453997
Fourth quintile,2007,2,2007-02-01,0.997598472289226,116.323928453849,114.783836296652,1.84984949877214
Fourth quintile,2007,3,2007-03-01,1.00441548935733,117.118819612692,115.568203347035,1.95447571348513
Fourth quintile,2007,4,2007-04-01,1.01090544060818,117.875573603345,116.314938153317,1.90520245634531
Fourth quintile,2007,5,2007-05-01,1.01348089427406,118.1758816895,116.611270255044,1.86737468400546
Fourth quintile,2007,6,2007-06-01,1.01450896540733,118.295758850777,116.729560280481,1.89182705885438
Fourth quintile,2007,7,2007-07-01,1.01212986702719,118.018346567736,116.455820848649,1.77984212810494
Fourth quintile,2007,8,2007-08-01,1.0126524789191,118.07928518183,116.515952654696,1.74441698063037
Fourth quintile,2007,9,2007-09-01,1.01651825463314,118.530049923427,116.960749413157,2.18249411047438
Fourth quintile,2007,10,2007-10-01,1.02152969897521,119.114404159416,117.537366983201,2.62585844653631
Fourth quintile,2007,11,2007-11-01,1.02732017372539,119.789596422899,118.20361991388,3.18019457468708
Fourth quintile,2007,12,2007-12-01,1.03183175721203,120.315664905652,118.722723415694,3.18317572120312
Fourth quintile,2008,1,2008-01-01,0.995903688122996,119.82281441851,118.236398113696,3.34068513655097
Fourth quintile,2008,2,2008-02-01,0.999707480045418,120.280470172819,118.687994650032,3.40131370351704
Fourth quintile,2008,3,2008-03-01,1.00979053243098,121.493619324866,119.885082089589,3.73535160842702
Fourth quintile,2008,4,2008-04-01,1.01288606789244,121.86606073215,120.252592490004,3.38533846056524
Fourth quintile,2008,5,2008-05-01,1.01968624342195,122.684228372459,121.059927848572,3.81494651743257
Fourth quintile,2008,6,2008-06-01,1.02385119667112,123.185337491934,121.554402441213,4.13335075463226
Fourth quintile,2008,7,2008-07-01,1.0224394058016,123.01547693476,121.38679078429,4.23419791274253
Fourth quintile,2008,8,2008-08-01,1.02073417894128,122.810311431245,121.184341607391,4.00665217623006
Fourth quintile,2008,9,2008-09-01,1.02246754809242,123.018862893192,121.390131913699,3.78706747585476
Fourth quintile,2008,10,2008-10-01,1.02232826221567,123.002104620319,121.373595515078,3.26383739090044
Fourth quintile,2008,11,2008-11-01,1.01696843092603,122.357232954923,120.737261747323,2.14345536565532
Fourth quintile,2008,12,2008-12-01,1.01567802462257,122.201976862525,120.584061196664,1.56780246225741
Fourth quintile,2009,1,2009-01-01,0.991296851921452,121.138434962399,119.534600256157,1.09797165946537
Fourth quintile,2009,2,2009-02-01,0.995816589076201,121.690755777608,120.079608517818,1.17249758232827
Fourth quintile,2009,3,2009-03-01,0.999453371959116,122.13517783532,120.51814656753,0.528059427334049
Fourth quintile,2009,4,2009-04-01,1.00315835062878,122.587933552987,120.964907942166,0.592349351820753
Fourth quintile,2009,5,2009-05-01,1.00365970010406,122.649199449965,121.025362697973,-0.0285520991240462
Fourth quintile,2009,6,2009-06-01,1.00579039230728,122.909574249284,121.282290216998,-0.2238604433489
Fourth quintile,2009,7,2009-07-01,0.998845681565353,122.060916867882,120.4448687919,-0.775967456017424
Fourth quintile,2009,8,2009-08-01,1.00245299173018,122.50173730118,120.879852901571,-0.251260766680606
Fourth quintile,2009,9,2009-09-01,1.00225601582734,122.477666456458,120.856100747248,-0.439929636809533
Fourth quintile,2009,10,2009-10-01,1.004487352275,122.750340181408,121.125164358003,-0.204683033422959
Fourth quintile,2009,11,2009-11-01,1.00558255239129,122.884175800679,121.257228035849,0.43065933499018
Fourth quintile,2009,12,2009-12-01,1.00913908936388,123.318791649514,121.6860897078,0.913908936387631
Fourth quintile,2010,1,2010-01-01,0.991477941356705,122.267861675256,120.649073715236,0.932343820694026
Fourth quintile,2010,2,2010-02-01,0.994857936982627,122.684678651625,121.060372166184,0.816761197402527
Fourth quintile,2010,3,2010-03-01,1.00634479098212,124.101223606697,122.458162512427,1.60972932305243
Fourth quintile,2010,4,2010-04-01,1.01044810729289,124.607239615897,122.957479029119,1.64723068933836
Fourth quintile,2010,5,2010-05-01,1.01165153178154,124.755644469679,123.103919049402,1.71745517228119
Fourth quintile,2010,6,2010-06-01,1.01151979510353,124.739398861731,123.087888528183,1.48875677393172
Fourth quintile,2010,7,2010-07-01,1.00681468702132,124.159170618453,122.515342324007,1.71902178388694
Fourth quintile,2010,8,2010-08-01,1.00860365824585,124.379784388157,122.733035236919,1.53307792064981
Fourth quintile,2010,9,2010-09-01,1.01204707377852,124.804422230793,123.152051008329,1.89973881904604
Fourth quintile,2010,10,2010-10-01,1.01525472806327,125.199986281218,123.542377915375,1.99563283994986
Fourth quintile,2010,11,2010-11-01,1.01622909033934,125.320143459731,123.660944250708,1.98232819090056
Fourth quintile,2010,12,2010-12-01,1.02287037644345,126.139138837089,124.469096387348,2.28703764434486
Fourth quintile,2011,1,2011-01-01,0.992513907375208,125.194849560143,123.537309202868,2.39391434902254
Fourth quintile,2011,2,2011-02-01,0.996954778149766,125.755017175333,124.090060375351,2.50262588405663
Fourth quintile,2011,3,2011-03-01,1.01095608872536,127.521130433929,125.832790850934,2.75573981290485
Fourth quintile,2011,4,2011-04-01,1.01674065873372,128.250791113326,126.552791052863,2.92402873914857
Fourth quintile,2011,5,2011-05-01,1.01678426620086,128.256291721678,126.558218834893,2.80600310060426
Fourth quintile,2011,6,2011-06-01,1.01653703749206,128.225106505254,126.527446500909,2.79439188847437
Fourth quintile,2011,7,2011-07-01,1.01029271163217,127.43745261867,125.75022090358,2.6403865166684
Fourth quintile,2011,8,2011-08-01,1.01202026820381,127.655365116908,125.96524830901,2.63353144151544
Fourth quintile,2011,9,2011-09-01,1.01997183038873,128.658368323323,126.954972069034,3.08798840909914
Fourth quintile,2011,10,2011-10-01,1.02359579204815,129.115491726221,127.406043302125,3.12740085786303
Fourth quintile,2011,11,2011-11-01,1.02447277685161,129.226113834103,127.515200808157,3.11679373047202
Fourth quintile,2011,12,2011-12-01,1.0280599338888,129.678594733648,127.961691003176,2.80599338887984
Fourth quintile,2012,1,2012-01-01,0.991466126608072,128.571934024548,126.869682133137,2.69746277604033
Fourth quintile,2012,2,2012-02-01,0.996879601740653,129.273945872366,127.562399565306,2.79824119631535
Fourth quintile,2012,3,2012-03-01,1.01034724076312,131.02041037518,129.285741428441,2.74407851415914
Fourth quintile,2012,4,2012-04-01,1.01509410019061,131.635976435135,129.893157587737,2.63950443691032
Fourth quintile,2012,5,2012-05-01,1.01356477064682,131.437655129012,129.697461993213,2.48047356166989
Fourth quintile,2012,6,2012-06-01,1.01243762320971,131.29148823331,129.553230301151,2.39140509345543
Fourth quintile,2012,7,2012-07-01,1.00673762089649,130.552319943353,128.823848366429,2.44423225721862
Fourth quintile,2012,8,2012-08-01,1.01084578392907,131.085060752354,129.349535854994,2.6866835031216
Fourth quintile,2012,9,2012-09-01,1.01866809767864,132.099447406964,130.350492349947,2.67458629274155
Fourth quintile,2012,10,2012-10-01,1.02100028966674,132.40188278663,130.648923580488,2.54531119114401
Fourth quintile,2012,11,2012-11-01,1.01871591337998,132.10564807992,130.356610927947,2.22829129529794
Fourth quintile,2012,12,2012-12-01,1.02257495049834,132.606082590454,130.850419843256,2.25749504983357
Fourth quintile,2013,1,2013-01-01,0.989164664155656,131.169251150583,129.432611598881,2.02012760074035
Fourth quintile,2013,2,2013-02-01,0.993218511864608,131.706816014686,129.963059273577,1.88194931770806
Fourth quintile,2013,3,2013-03-01,1.00529195567096,133.307828101221,131.542874464592,1.74584839071383
Fourth quintile,2013,4,2013-04-01,1.00410983658214,133.151071919698,131.388193685516,1.15097371219786
Fourth quintile,2013,5,2013-05-01,1.0051811088493,133.293129138433,131.528370111439,1.41167613466642
Fourth quintile,2013,6,2013-06-01,1.0061971130096,133.427857470026,131.661314682377,1.62719553678927
Fourth quintile,2013,7,2013-07-01,1.00034065907226,132.651256055525,130.894995225885,1.60773559066818
Fourth quintile,2013,8,2013-08-01,1.00141902276125,132.79425363993,131.036099567333,1.3038807609093
Fourth quintile,2013,9,2013-09-01,1.00663555780706,133.48599791705,131.718685368204,1.04962627573661
Fourth quintile,2013,10,2013-10-01,1.00534172443675,133.314427742289,131.549386728491,0.689223549131524
Fourth quintile,2013,11,2013-11-01,1.00453655110053,133.207656860367,131.444029459401,0.834187482869808
Fourth quintile,2013,12,2013-12-01,1.0082450829056,133.699430735199,131.929292403096,0.824508290560044
Fourth quintile,2014,1,2014-01-01,0.988136890322163,132.113339724523,130.364200737599,0.719748390463626
Fourth quintile,2014,2,2014-02-01,0.991398453733007,132.549408895859,130.794496490519,0.639748880634916
Fourth quintile,2014,3,2014-03-01,1.00101928333959,133.83570833746,132.063765732846,0.395985925025877
Fourth quintile,2014,4,2014-04-01,1.00229583299759,134.00638230004,132.232180025944,0.642360867254133
Fourth quintile,2014,5,2014-05-01,1.00112366373649,133.849663937106,132.07753656475,0.417526996529727
Fourth quintile,2014,6,2014-06-01,1.00223131711341,133.997756563051,132.223668490995,0.427121520071716
Fourth quintile,2014,7,2014-07-01,0.995146483492583,133.050518341093,131.288971404606,0.300986434233819
Fourth quintile,2014,8,2014-08-01,0.996098733797515,133.17783366478,131.414601113526,0.288852879048696
Fourth quintile,2014,9,2014-09-01,1.00083041971981,133.810457379009,132.038849089128,0.243066289364524
Fourth quintile,2014,10,2014-10-01,1.00013569477994,133.71757305003,131.947194519396,0.302401858950119
Fourth quintile,2014,11,2014-11-01,0.998176506209319,133.455630653436,131.68872015759,0.186155810344157
Fourth quintile,2014,12,2014-12-01,0.996911612888065,133.286515136443,131.521843676752,-0.30883871119346
Fourth quintile,2015,1,2015-01-01,0.983477834276878,131.084333244701,129.348817979314,-0.77888158907109
Fourth quintile,2015,2,2015-02-01,0.990046040197799,131.9597865226,130.212680531682,-0.444832140838203
Fourth quintile,2015,3,2015-03-01,1.00233179066097,133.597311387672,131.828525083551,-0.178126564837711
Fourth quintile,2015,4,2015-04-01,1.00695685691768,134.213770351304,132.436822324761,0.154759831363904
Fourth quintile,2015,5,2015-05-01,1.00996470200716,134.614675541351,132.832419656423,0.571545405302465
Fourth quintile,2015,6,2015-06-01,1.00998103044,134.616851901262,132.834567202015,0.462019181581774
Fourth quintile,2015,7,2015-07-01,1.0032920036593,133.725294832007,131.954814067413,0.507158107557459
Fourth quintile,2015,8,2015-08-01,1.00313495591942,133.704362486049,131.934158859119,0.395357700887677
Fourth quintile,2015,9,2015-09-01,1.00539982228738,134.006238631484,132.232038259515,0.14631237072984
Fourth quintile,2015,10,2015-10-01,1.00663780435892,134.171244947601,132.394859944002,0.339276197752314
Fourth quintile,2015,11,2015-11-01,1.00196257685602,133.548100166269,131.779965403212,0.0692885810670729
Fourth quintile,2015,12,2015-12-01,1.00186867288901,133.53558403375,131.767614980343,0.186867288901316
Fourth quintile,2016,1,2016-01-01,0.984325117662795,131.442429466191,129.702173119672,0.273180030462394
Fourth quintile,2016,2,2016-02-01,0.986068132056294,131.675183911206,129.93184596918,-0.215673743413469
Fourth quintile,2016,3,2016-03-01,0.999118701359724,133.417899305112,131.651488360429,-0.134293183520051
Fourth quintile,2016,4,2016-04-01,1.00150368463694,133.736379439946,131.965751918636,-0.355694434414888
Fourth quintile,2016,5,2016-05-01,1.00601612857722,134.338951276931,132.560345894379,-0.204824818178884
Fourth quintile,2016,6,2016-06-01,1.00778513182749,134.575176159113,132.793443233559,-0.0309587852935223
Fourth quintile,2016,7,2016-07-01,1.00235161310264,133.849608062833,132.077481430235,0.0929616427330915
Fourth quintile,2016,8,2016-08-01,1.00287731046928,133.919807367712,132.146751318439,0.161135267134616
Fourth quintile,2016,9,2016-09-01,1.00701307439827,134.472079019395,132.691711067484,0.3476258961288
Fourth quintile,2016,10,2016-10-01,1.00933143497109,134.781662652487,132.997195910828,0.454954193146717
Fourth quintile,2016,11,2016-11-01,1.00539957742073,134.256619758163,132.479104418975,0.530535133791532
Fourth quintile,2016,12,2016-12-01,1.01095128840249,134.997970726499,133.210640134102,1.0951288402494
Fourth quintile,2017,1,2017-01-01,0.990947964634706,133.77596432124,132.004812708574,1.77532845712425
Fourth quintile,2017,2,2017-02-01,0.995142837210707,134.342263606456,132.563614369705,2.02549912293923
Fourth quintile,2017,3,2017-03-01,1.00372608459029,135.500984584944,133.706994247569,1.56132369845494
Fourth quintile,2017,4,2017-04-01,1.00962892192678,136.297855646898,134.49331498777,1.91531744591791
Fourth quintile,2017,5,2017-05-01,1.00881694929036,136.188240988696,134.385151593101,1.37658489528671
Fourth quintile,2017,6,2017-06-01,1.00970524994383,136.30815977431,134.503482691781,1.28774389501645
Fourth quintile,2017,7,2017-07-01,1.00477652506828,135.642791917841,133.846924096064,1.33970048994547
Fourth quintile,2017,8,2017-08-01,1.0074937574617,136.009612776944,134.208888362584,1.56049015474944
Fourth quintile,2017,9,2017-09-01,1.01191046260414,136.605859008472,134.797240481893,1.58678292522612
Fourth quintile,2017,10,2017-10-01,1.01229343877299,136.657560014103,134.848256982501,1.39180458580084
Fourth quintile,2017,11,2017-11-01,1.01007776330518,136.35844832216,134.553105435104,1.56553067385661
Fourth quintile,2017,12,2017-12-01,1.01358418759491,136.83180848578,135.020198459322,1.35841875949145
Fourth quintile,2018,1,2018-01-01,0.990359834015528,135.512727140022,133.718581334918,1.29826223088316
Fourth quintile,2018,2,2018-02-01,0.9926280611071,135.823092755018,134.024837806973,1.10228092694651
Fourth quintile,2018,3,2018-03-01,1.0040501263694,137.385994601501,135.567047325503,1.39114119526949
Fourth quintile,2018,4,2018-04-01,1.0084422884503,137.986982082194,136.160077921333,1.23929054296437
Fourth quintile,2018,5,2018-05-01,1.01529526783424,138.924687644813,137.085368557789,2.00931199070589
Fourth quintile,2018,6,2018-06-01,1.01656933739251,139.099020886608,137.257393682398,2.047464448878
Fourth quintile,2018,7,2018-07-01,1.01389622830908,138.733254536442,136.89646996345,2.27838322619731
Fourth quintile,2018,8,2018-08-01,1.01541586609343,138.941189322719,137.10165175868,2.1554186398449
Fourth quintile,2018,9,2018-09-01,1.0198456218765,139.547320817667,137.699758263636,2.15324718174272
Fourth quintile,2018,10,2018-10-01,1.02232472908551,139.886541540506,138.034487810998,2.36282685426972
Fourth quintile,2018,11,2018-11-01,1.01626589706194,139.057500597409,137.216423108744,1.97938030863551
Fourth quintile,2018,12,2018-12-01,1.01546302371654,138.947641985573,137.10801899031,1.54630237165372
Fourth quintile,2019,1,2019-01-01,0.988846122987911,137.397837075746,135.578733009121,1.39109438316891
Fourth quintile,2019,2,2019-02-01,0.992119797664621,137.852706452702,136.027580058863,1.49430679019
Fourth quintile,2019,3,2019-03-01,1.0027244783464,139.326201827446,137.481566819168,1.41223072378898
Fourth quintile,2019,4,2019-04-01,1.01045083383891,140.399760704272,138.54091211476,1.74855525185822
Fourth quintile,2019,5,2019-05-01,1.01212224337806,140.63199911853,138.770075765595,1.22894749857658
Fourth quintile,2019,6,2019-06-01,1.01350302504921,140.823855475832,138.959392005183,1.24000483844489
Fourth quintile,2019,7,2019-07-01,1.0082773002579,140.097753338414,138.242903231259,0.983541261632781
Fourth quintile,2019,8,2019-08-01,1.00962571684251,140.285112643261,138.427781957949,0.967260556133498
Fourth quintile,2019,9,2019-09-01,1.01208313808356,140.626565530069,138.764714116133,0.773389776369982
Fourth quintile,2019,10,2019-10-01,1.01335695761206,140.80355974987,138.939364988237,0.655544271282338
Fourth quintile,2019,11,2019-11-01,1.00985961053067,140.317611619706,138.459850658187,0.906179829842158
Fourth quintile,2019,12,2019-12-01,1.01312405520152,140.771198509113,138.90743220011,1.31240552015228
Fourth quintile,2020,1,2020-01-01,0.988929870802855,139.21284315438,137.369708979211,1.3209859174373
Fourth quintile,2020,2,2020-02-01,0.990965481060002,139.499398449976,137.652470372992,1.19453004561685
Fourth quintile,2020,3,2020-03-01,0.996646352683934,140.299101557053,138.441585662931,0.698289135027141
Fourth quintile,2020,4,2020-04-01,0.999815417265768,140.745214576391,138.88179228647,0.246050185830371
Fourth quintile,2020,5,2020-05-01,0.998796492305462,140.601779288538,138.740256036629,-0.0214885873637494
Fourth quintile,2020,6,2020-06-01,1.00252690158615,141.12691347391,139.258437610865,0.215203593918312
Fourth quintile,2020,7,2020-07-01,0.998640348819648,140.5797987829,138.71856654596,0.344077926304354
Fourth quintile,2020,8,2020-08-01,0.994016065778885,139.928832917007,138.076219263001,-0.253968307499697
Fourth quintile,2020,9,2020-09-01,0.99506384894784,140.076330609478,138.221764132503,-0.391273809835957
Fourth quintile,2020,10,2020-10-01,0.996812136710762,140.322439173203,138.464614296397,-0.341696316145013
Fourth quintile,2020,11,2020-11-01,0.992835056666693,139.762580848833,137.912168319821,-0.39555317715706
Fourth quintile,2020,12,2020-12-01,0.996270452442495,140.246185629546,138.389370325629,-0.372954755750488
Fourth quintile,2021,1,2021-01-01,1.00180352609252,140.499123284705,138.638959165939,0.923966568874168
Fourth quintile,2021,2,2021-02-01,1.00411715240828,140.823600550463,138.959140454946,0.949252910909215
Fourth quintile,2021,3,2021-03-01,1.01420009390823,142.237694635756,140.354512380154,1.38175730078682
Fourth quintile,2021,4,2021-04-01,1.02045839810966,143.115397928516,141.220595157896,1.68402411354383
Fourth quintile,2021,5,2021-05-01,1.0233501684718,143.520957691523,141.620785437438,2.07620303082685
Fourth quintile,2021,6,2021-06-01,1.02622676034441,143.924388729269,142.018875175373,1.98224079766058
Fourth quintile,2021,7,2021-07-01,1.02516459863379,143.775424600833,141.871883285056,2.27317569494323
Fourth quintile,2021,8,2021-08-01,1.02880359831486,144.28578042561,142.375482159535,3.11368816403119
Fourth quintile,2021,9,2021-09-01,1.03410500606348,145.029282640822,143.109140639706,3.53589504364733
Fourth quintile,2021,10,2021-10-01,1.04324947011453,146.311758843608,144.374637261696,4.26825510281461
Fourth quintile,2021,11,2021-11-01,1.04809775166184,146.991711837476,145.045587892189,5.17243667420648
Fourth quintile,2021,12,2021-12-01,1.05266230821347,147.631873482932,145.677273999185,5.26623082134659
Fourth quintile,2022,1,2022-01-01,1.00275175927993,148.038120860802,146.078142789787,5.36586805657142
Fourth quintile,2022,2,2022-02-01,1.01275374072042,149.514732119403,147.535204180628,6.17164419526792
Fourth quintile,2022,3,2022-03-01,1.03919392691299,153.41814634225,151.386938429193,7.86039997001167
Fourth quintile,2022,4,2022-04-01,1.04568787755156,154.376860441328,152.332959455705,7.86879865885355
Fourth quintile,2022,5,2022-05-01,1.0549373906918,155.742383395026,153.680403315795,8.51542931435279
Fourth quintile,2022,6,2022-06-01,1.06405007215064,157.087705631248,155.007913909541,9.14599465608272
Fourth quintile,2022,7,2022-07-01,1.06487415484122,157.209366502764,155.127964029455,9.34369829838973
Fourth quintile,2022,8,2022-08-01,1.0714233132963,158.176231035223,156.082027580179,9.62704056396875
Fourth quintile,2022,9,2022-09-01,1.08513998676976,160.201249238064,158.08023518013,10.4613125852774
Fourth quintile,2022,10,2022-10-01,1.10183389893112,162.665802766205,160.512158796179,11.1775321763975
Fourth quintile,2022,11,2022-11-01,1.10097425515139,162.538891944476,160.386928233738,10.5769093458752
Fourth quintile,2022,12,2022-12-01,1.09662487514839,161.896784826143,159.753322411314,9.66248751483889
Fourth quintile,2023,1,2023-01-01,0.997672397668148,161.519953492263,159.381480205548,9.10700065163403
Fourth quintile,2023,2,2023-02-01,1.00609771025671,162.883984511506,160.727451883925,8.94176259595994
Fourth quintile,2023,3,2023-03-01,1.01585250225436,164.463253972572,162.28581231498,7.19934889949865
Fourth quintile,2023,4,2023-04-01,1.0225809513601,165.552568249659,163.360704414299,7.23923765283383
Fourth quintile,2023,5,2023-05-01,1.02293494871259,165.609879282864,163.417256667484,6.33578071218413
Fourth quintile,2023,6,2023-06-01,1.02572843944623,166.062136451082,163.863526093308,5.71300649135536
Fourth quintile,2023,7,2023-07-01,1.02433607096353,165.83671647044,163.641090602175,5.487809129696
Fourth quintile,2023,8,2023-08-01,1.03024732528492,166.793729539362,164.585433119636,5.448036312245
Fourth quintile,2023,9,2023-09-01,1.03390487080931,167.385874400117,165.169738169028,4.48474977331588
Fourth quintile,2023,10,2023-10-01,1.03461883714808,167.501463254837,165.283796663735,2.97275789157847
Fourth quintile,2023,11,2023-11-01,1.02855773664555,166.520190570969,164.315515720987,2.44944368628595
Fourth quintile,2023,12,2023-12-01,1.03001545121861,166.756189873541,164.548390467161,3.00154512186059
Fourth quintile,2024,1,2024-01-01,0.995879973521096,166.069149955741,163.870446741375,2.81649193497118
Fourth quintile,2024,2,2024-02-01,1.00227816085796,167.136087298134,164.923258169564,2.61051005068489
Fourth quintile,2024,3,2024-03-01,1.0102934745569,168.47269047121,166.242165137813,2.43789199215665
Fourth quintile,2024,4,2024-04-01,1.01645542270431,169.500233466471,167.256103787612,2.38453879547074
Fourth quintile,2024,5,2024-05-01,1.01870382824533,169.875169007782,167.626075300504,2.57550439828058
Fourth quintile,2024,6,2024-06-01,1.0209187735158,170.244524841865,167.990540979734,2.51856833843294
Fourth quintile,2024,7,2024-07-01,1.01998519073364,170.088844134179,167.83692143556,2.56404477502858
Fourth quintile,2024,8,2024-08-01,1.02134988175708,170.316414809602,168.061479146952,2.11200102064315
Fourth quintile,2024,9,2024-09-01,1.02043645884225,170.164095884582,167.911176876501,1.65977057169349
Fourth quintile,2024,10,2024-10-01,1.02387545397988,170.737569610727,168.477057991223,1.93198691701408
Fourth quintile,2024,11,2024-11-01,1.02028882017281,170.139476222588,167.886883171074,2.17348156953794
Fourth quintile,2024,12,2024-12-01,1.02393549480746,170.747581790372,168.486937612764,2.39354948074613
Fourth quintile,2025,1,2025-01-01,0.996769295300452,170.195946775445,167.942606071606,2.48498701944551
Fourth quintile,2025,2,2025-02-01,1.00126308663358,170.963250778647,168.699751211595,2.28984867504156
Fourth quintile,2025,3,2025-03-01,1.00770192918552,172.06266757392,169.784612074943,2.13089557284885
Fourth quintile,2025,4,2025-04-01,1.01354726934424,173.060745270763,170.76947553759,2.1005940413626
Fourth quintile,2025,5,2025-05-01,1.01300426129211,172.968027958969,170.677985773787,1.82066570956323
Fourth quintile,2025,6,2025-06-01,1.01620345565193,173.514282659587,171.217008234303,1.92062436120031
Fourth quintile,2025,7,2025-07-01,1.01583468167935,173.45131539554,171.15487463699,1.97689112327004
Fourth quintile,2025,8,2025-08-01,1.0174319643444,173.724047548033,171.423995901726,2.00076589343434
Fourth quintile,2025,9,2025-09-01,1.01866938539,173.935334199227,171.632485184238,2.21623621307465
Fourth quintile,2025,10,2025-10-01,1.02058589430018,174.262573461119,171.955391901421,2.06457422255018
Fourth quintile,2025,11,2025-11-01,1.01737205405273,173.713818010607,171.413901800152,2.10083037010358
Fourth quintile,2025,12,2025-12-01,1.01904005576945,173.998625270159,171.694938301335,1.90400557694495
Fourth quintile,2026,1,2026-01-01,0.993797904826237,172.919469236129,170.630069953136,1.60022756844962
Fourth quintile,2026,2,2026-02-01,1.0006838138479,174.117607939634,171.812345677759,1.84504982598337
Fourth quintile,2026,3,2026-03-01,1.01429435005486,176.485822528835,174.149205852061,2.57066510549939
Fourth quintile,2026,4,2026-04-01,1.0251033069004,178.366566160564,176.005049030758,3.06587197547275
Fourth quintile,2026,5,2026-05-01,1.02583155877375,178.493280985377,176.130086191221,3.19437822793367
Fourth quintile,2026,6,2026-06-01,1.02455686967034,178.271486833736,175.911228524257,2.74167872594222
Fourth quintile,2026,7,2026-07-01,1.02635763381588,178.584817319496,176.220410613121,2.95962121258624
Second quintile,2000,1,2000-01-01,1.00118565625124,100.118565625124,98.7792682032164,
Second quintile,2000,2,2000-02-01,1.00428861252419,100.428861252419,99.0854129706678,
Second quintile,2000,3,2000-03-01,1.00779353034414,100.779353034414,99.4312161842932,
Second quintile,2000,4,2000-04-01,1.00850380626855,100.850380626855,99.5012936325643,
Second quintile,2000,5,2000-05-01,1.00986720989185,100.986720989185,99.635810154384,
Second quintile,2000,6,2000-06-01,1.0134001551911,101.34001551911,99.9843786232617,
Second quintile,2000,7,2000-07-01,1.01401598969959,101.401598969959,100.045138265295,
Second quintile,2000,8,2000-08-01,1.01453222519222,101.453222519222,100.096071240477,
Second quintile,2000,9,2000-09-01,1.01973000424979,101.973000424979,100.608896018163,
Second quintile,2000,10,2000-10-01,1.02015032104717,102.015032104717,100.650365435348,
Second quintile,2000,11,2000-11-01,1.02272752964612,102.272752964612,100.904638734033,
Second quintile,2000,12,2000-12-01,1.02650680346378,102.650680346378,101.277510538296,
Second quintile,2001,1,2001-01-01,0.996521961965711,102.293657375888,100.925263504626,2.1725158937139
Second quintile,2001,2,2001-02-01,0.999817895032536,102.631987147574,101.259067400535,2.19371788914093
Second quintile,2001,3,2001-03-01,1.00527475645936,103.192137685593,101.811724741196,2.3941259578786
Second quintile,2001,4,2001-04-01,1.01165346093958,103.846916040216,102.457744051412,2.97126832316899
Second quintile,2001,5,2001-05-01,1.01710783223508,104.406810964561,103.010149197772,3.38667296242099
Second quintile,2001,6,2001-06-01,1.0185449711032,104.554334247126,103.155699044633,3.17181590268301
Second quintile,2001,7,2001-07-01,1.01562165897118,104.254254267909,102.859633269376,2.81322516304265
Second quintile,2001,8,2001-08-01,1.01426338451296,104.114826470676,102.722070613619,2.62347896435682
Second quintile,2001,9,2001-09-01,1.01726231568498,104.422668795795,103.025794896997,2.40227154306287
Second quintile,2001,10,2001-10-01,1.01786662266203,104.484701318128,103.086997603233,2.42088755201813
Second quintile,2001,11,2001-11-01,1.01699384945049,104.395110554175,102.998605305104,2.07519356626458
Second quintile,2001,12,2001-12-01,1.02155075661272,104.862880174653,103.460117518249,2.15507566127215
Second quintile,2002,1,2002-01-01,1.00259218717121,105.134704387378,103.728305507612,2.77734425024101
Second quintile,2002,2,2002-02-01,1.00381695075415,105.263136624218,103.855019691834,2.56367390885734
Second quintile,2002,3,2002-03-01,1.00937726019935,105.846206687304,104.430289960473,2.57196823443804
Second quintile,2002,4,2002-04-01,1.01396057359164,106.326826130362,104.904480102662,2.38804404088977
Second quintile,2002,5,2002-05-01,1.01561898079906,106.500731486636,105.076059107235,2.00554015847236
Second quintile,2002,6,2002-06-01,1.01471590976237,106.406032856725,104.982627271651,1.77103954889382
Second quintile,2002,7,2002-07-01,1.01332669944515,106.260356261694,104.838899408975,1.92423993425674
Second quintile,2002,8,2002-08-01,1.01352523439762,106.281175208625,104.859439858489,2.08073029690887
Second quintile,2002,9,2002-09-01,1.01636877815785,106.579357397225,105.15363323009,2.06534522273862
Second quintile,2002,10,2002-10-01,1.01868598621334,106.822346507888,105.393371847825,2.23730858228004
Second quintile,2002,11,2002-11-01,1.01766887227774,106.715689011135,105.288141120519,2.22288040564518
Second quintile,2002,12,2002-12-01,1.02272128530409,107.245499592911,105.810864365976,2.27212853040939
Second quintile,2003,1,2003-01-01,1.00080449608411,107.331778177372,105.895988792015,2.08977026453407
Second quintile,2003,2,2003-02-01,1.00511379879888,107.793931499914,106.351959837079,2.4042556177388
Second quintile,2003,3,2003-03-01,1.01102430234104,108.427806405139,106.977355325713,2.439010143709
Second quintile,2003,4,2003-04-01,1.01188816652475,108.520451951101,107.068761541686,2.06309724513811
Second quintile,2003,5,2003-05-01,1.01116817648263,108.443236259332,106.992578772995,1.8239356158225
Second quintile,2003,6,2003-06-01,1.01239000898763,108.57427229675,107.12186192646,2.03770348523729
Second quintile,2003,7,2003-07-01,1.01052839406041,108.374622473831,106.924882841894,1.98970367361639
Second quintile,2003,8,2003-08-01,1.01179704062678,108.510679108648,107.059119431657,2.09774110574745
Second quintile,2003,9,2003-09-01,1.01569310052661,108.928513999048,107.471364897279,2.20413845531795
Second quintile,2003,10,2003-10-01,1.01721910344763,109.092170944694,107.632832585377,2.12485918069416
Second quintile,2003,11,2003-11-01,1.01787514140255,109.162528062922,107.702248528445,2.29285784916871
Second quintile,2003,12,2003-12-01,1.02082164247129,109.478527042089,108.014020353383,2.08216424712926
Second quintile,2004,1,2004-01-01,0.998148047076234,109.275777963844,107.813983472582,1.81120616790684
Second quintile,2004,2,2004-02-01,1.00021547877862,109.502117341381,108.037295082562,1.58467718701669
Second quintile,2004,3,2004-03-01,1.00695043153412,110.239450048752,108.764764406575,1.67082937825389
Second quintile,2004,4,2004-04-01,1.01203466429531,110.796064362586,109.313932827523,2.09694336005002
Second quintile,2004,5,2004-05-01,1.01554959497868,111.180873796456,109.693594621897,2.52448896912096
Second quintile,2004,6,2004-06-01,1.01573213980462,111.20085853512,109.713312022442,2.4191608037595
Second quintile,2004,7,2004-07-01,1.01316743917051,110.920078887393,109.436288395948,2.34875689110399
Second quintile,2004,8,2004-08-01,1.01478293463507,111.096940951296,109.610784555938,2.38341688015695
Second quintile,2004,9,2004-09-01,1.0159314660294,111.22268047661,109.734842049342,2.10612115536717
Second quintile,2004,10,2004-10-01,1.02019986907786,111.689978955177,110.195889423095,2.38129646516998
Second quintile,2004,11,2004-11-01,1.01936080652281,111.598119622554,110.105258903196,2.23116082308785
Second quintile,2004,12,2004-12-01,1.02360741909785,112.063032512187,110.563952600309,2.36074190978477
Second quintile,2005,1,2005-01-01,0.994200910339823,111.413168939058,109.922782325996,1.95596042877912
Second quintile,2005,2,2005-02-01,0.998125879615811,111.853012898642,110.356742442984,2.14689506864201
Second quintile,2005,3,2005-03-01,1.00577637511862,112.710350624908,111.202611465126,2.24139414253524
Second quintile,2005,4,2005-04-01,1.00987821559127,113.170015307154,111.656127160718,2.1426311107946
Second quintile,2005,5,2005-05-01,1.01194680628306,113.401827853102,111.884838723914,1.99760442673937
Second quintile,2005,6,2005-06-01,1.01317009222704,113.538912985614,112.020090053041,2.10255071884713
Second quintile,2005,7,2005-07-01,1.01184094295506,113.389964487535,111.873134055936,2.2267254269176
Second quintile,2005,8,2005-08-01,1.01410494449457,113.643675365665,112.123451014837,2.29235332004774
Second quintile,2005,9,2005-09-01,1.01999242099509,114.303443836157,112.774393687575,2.76990569400566
Second quintile,2005,10,2005-10-01,1.02274269468017,114.611647845545,113.07847481693,2.6158737943188
Second quintile,2005,11,2005-11-01,1.0203418882198,114.342606193121,112.813032165243,2.45925879383102
Second quintile,2005,12,2005-12-01,1.02402481293928,114.755325905701,113.220230879359,2.40248129392806
Second quintile,2006,1,2006-01-01,0.996189958142769,114.31810331066,112.788857060623,2.60735279255133
Second quintile,2006,2,2006-02-01,0.99916736221508,114.659776285331,113.125959437111,2.50933194730534
Second quintile,2006,3,2006-03-01,1.00481453457684,115.307819390151,113.765333595726,2.30455211153358
Second quintile,2006,4,2006-04-01,1.01154559316792,116.08024421246,114.52742560347,2.57155475097082
Second quintile,2006,5,2006-05-01,1.01460849756785,116.431728805092,114.874208346791,2.67182726182766
Second quintile,2006,6,2006-06-01,1.01529526301989,116.510538798362,114.951964089831,2.61727520072723
Second quintile,2006,7,2006-07-01,1.01384294283194,116.343877321874,114.78753206284,2.60509194767662
Second quintile,2006,8,2006-08-01,1.01455525599462,116.425619051004,114.868180323578,2.44795293392979
Second quintile,2006,9,2006-09-01,1.01442661471632,116.410856779188,114.853615528348,1.84370030534884
Second quintile,2006,10,2006-10-01,1.01529736160092,116.510779621712,114.95220169166,1.65701463321253
Second quintile,2006,11,2006-11-01,1.01577941983371,116.566098371321,115.006780436074,1.9445876320543
Second quintile,2006,12,2006-12-01,1.01988242925761,117.036940554955,115.471324110348,1.98824292576096
Second quintile,2007,1,2007-01-01,0.995483486108819,116.508341587157,114.94979627097,1.91591551387553
Second quintile,2007,2,2007-02-01,0.99832484466779,116.840885499919,115.277891706047,1.90224443588658
Second quintile,2007,3,2007-03-01,1.00462037771737,117.577695427205,116.004845243263,1.96853608806313
Second quintile,2007,4,2007-04-01,1.01106601932747,118.332073601164,116.749132014721,1.93989029225519
Second quintile,2007,5,2007-05-01,1.01335045968451,118.599437511432,117.0129193676,1.86178520974172
Second quintile,2007,6,2007-06-01,1.01427359885338,118.707478895463,117.119515469767,1.8856149149761
Second quintile,2007,7,2007-07-01,1.0116497610822,118.400392950212,116.816537448079,1.76761826722456
Second quintile,2007,8,2007-08-01,1.01223374350837,118.468740466708,116.883970672085,1.75487270959565
Second quintile,2007,9,2007-09-01,1.01668645195474,118.989871840455,117.398130812266,2.21544204090773
Second quintile,2007,10,2007-10-01,1.02226924479588,119.643264834334,118.042783293865,2.68857973725014
Second quintile,2007,11,2007-11-01,1.02875824778403,120.40271789132,118.792077061064,3.29136822249696
Second quintile,2007,12,2007-12-01,1.03299050175653,120.898047947912,119.280781031239,3.29905017565284
Second quintile,2008,1,2008-01-01,0.997497489074403,120.595499262039,118.982279573495,3.50803866847957
Second quintile,2008,2,2008-02-01,1.00104923278237,121.024898143144,119.405934337004,3.58094910469327
Second quintile,2008,3,2008-03-01,1.01090882523757,122.216903624539,120.581994225709,3.9456532809883
Second quintile,2008,4,2008-04-01,1.01451644053009,122.653057271151,121.012313395461,3.65157436905184
Second quintile,2008,5,2008-05-01,1.02132719559091,123.476464263056,121.824705578528,4.11218371179367
Second quintile,2008,6,2008-06-01,1.02535983298718,123.964002252347,122.305721716771,4.42813157670789
Second quintile,2008,7,2008-07-01,1.02401306443888,123.80118056382,122.145078112462,4.5614608862643
Second quintile,2008,8,2008-08-01,1.02200389739504,123.558276190218,121.90542309825,4.29610013870303
Second quintile,2008,9,2008-09-01,1.02415308861812,123.818109213756,122.161780305925,4.05768768267443
Second quintile,2008,10,2008-10-01,1.02438590229169,123.846255932426,122.189550502743,3.51293581290328
Second quintile,2008,11,2008-11-01,1.01917922024966,123.216778237258,121.568493402188,2.33720666378887
Second quintile,2008,12,2008-12-01,1.01735771651961,122.996561991966,121.351223014617,1.73577165196115
Second quintile,2009,1,2009-01-01,0.992801220174334,122.111136822872,120.477642278559,1.25679446588618
Second quintile,2009,2,2009-02-01,0.996701579910209,122.590867660917,120.950955702705,1.29392343377197
Second quintile,2009,3,2009-03-01,0.99972674697996,122.962952809947,121.318063426443,0.610430442339194
Second quintile,2009,4,2009-04-01,1.00281463294188,123.342752167087,121.692782164452,0.56231366040167
Second quintile,2009,5,2009-05-01,1.00314346343321,123.383197186998,121.732686146738,-0.0755342944215087
Second quintile,2009,6,2009-06-01,1.00512949719745,123.627472511999,121.973693772977,-0.271473761924945
Second quintile,2009,7,2009-07-01,0.997593754597963,122.700602080206,121.059222192206,-0.888988682176295
Second quintile,2009,8,2009-08-01,1.00082280854178,123.097764613783,121.451071837469,-0.372707997095989
Second quintile,2009,9,2009-09-01,1.00095594601989,123.114140065863,121.467228233267,-0.568551040201493
Second quintile,2009,10,2009-10-01,1.00318951476985,123.38886134308,121.738274532761,-0.369324519261693
Second quintile,2009,11,2009-11-01,1.00465056704637,123.568565749983,121.915575013406,0.285502930491366
Second quintile,2009,12,2009-12-01,1.00777600379015,123.952983724191,122.294850584718,0.777600379015087
Second quintile,2010,1,2010-01-01,0.993182444269038,123.107927349632,121.461098625247,0.816297802719124
Second quintile,2010,2,2010-02-01,0.996174296347225,123.478776341585,121.826986728121,0.724286154107712
Second quintile,2010,3,2010-03-01,1.0069246895884,124.811319660037,123.141704463277,1.50319003232382
Second quintile,2010,4,2010-04-01,1.01117950149223,125.338716290702,123.662046049322,1.61822570726382
Second quintile,2010,5,2010-05-01,1.01220846276295,125.466259110344,123.787882714182,1.68828655022522
Second quintile,2010,6,2010-06-01,1.01212745172084,125.456217549961,123.777975480892,1.47923839321706
Second quintile,2010,7,2010-07-01,1.00773871942418,124.912221087022,123.241256120415,1.80245163374986
Second quintile,2010,8,2010-08-01,1.00941931156827,125.120535497706,123.446783885571,1.64322308391991
Second quintile,2010,9,2010-09-01,1.01272269445762,125.529999663225,123.850770602448,1.96229254906808
Second quintile,2010,10,2010-10-01,1.01598448072941,125.934307803883,124.249670267195,2.06294671423046
Second quintile,2010,11,2010-11-01,1.01734192241272,126.102566750761,124.415678395033,2.05068415692802
Second quintile,2010,12,2010-12-01,1.02363686590477,126.882843778976,125.185517568833,2.36368659047737
Second quintile,2011,1,2011-01-01,0.994463686820098,126.180380618659,124.492451337984,2.49573958003622
Second quintile,2011,2,2011-02-01,0.998907481522453,126.744221927664,125.048750077768,2.644539962921
Second quintile,2011,3,2011-03-01,1.01212629499844,128.421462572881,126.703554084405,2.89248036370167
Second quintile,2011,4,2011-04-01,1.01778191634849,129.139063893112,127.411555970285,3.03206201154678
Second quintile,2011,5,2011-05-01,1.01797015906595,129.162948664425,127.435121232299,2.94636150013039
Second quintile,2011,6,2011-06-01,1.01749719128026,129.10293716676,127.375912515253,2.90676674940173
Second quintile,2011,7,2011-07-01,1.01179315268656,128.379192528967,126.661849491669,2.77552621494841
Second quintile,2011,8,2011-08-01,1.01345174787365,128.589639802983,126.869481588602,2.77260986094487
Second quintile,2011,9,2011-09-01,1.02109033151551,129.558845017906,127.825721635301,3.20946814744696
Second quintile,2011,10,2011-10-01,1.02514685616233,130.073548400954,128.333539772744,3.28682522598738
Second quintile,2011,11,2011-11-01,1.02660322538902,130.258336670028,128.515856108158,3.29554744708822
Second quintile,2011,12,2011-12-01,1.02969285560741,130.650357738363,128.902633066143,2.96928556074054
Second quintile,2012,1,2012-01-01,0.99314824023753,129.755172874259,128.019423191624,2.83308089424994
Second quintile,2012,2,2012-02-01,0.998400064015869,130.441325529677,128.696397105051,2.91697999781262
Second quintile,2012,3,2012-03-01,1.01094213438542,132.07995151024,130.313102999788,2.84881425897359
Second quintile,2012,4,2012-04-01,1.01542324012279,132.66540957789,130.890729328382,2.73065761704474
Second quintile,2012,5,2012-05-01,1.01400112727721,132.479610025871,130.70741523807,2.56781174147938
Second quintile,2012,6,2012-06-01,1.012967409301,132.344554402477,130.574166269088,2.51087799151333
Second quintile,2012,7,2012-07-01,1.00753569919579,131.634899534101,129.874004534475,2.53600832113023
Second quintile,2012,8,2012-08-01,1.01150705146247,132.153758128448,130.385922298483,2.77169943933751
Second quintile,2012,9,2012-09-01,1.01903454897715,133.137228371615,131.356236548524,2.76197534272142
Second quintile,2012,10,2012-10-01,1.02193142370757,133.515706091468,131.729651328938,2.64631643622404
Second quintile,2012,11,2012-11-01,1.02003374506887,133.267773698449,131.485035555696,2.31036040022878
Second quintile,2012,12,2012-12-01,1.02354881156128,133.727018393157,131.93813688197,2.3548811561277
Second quintile,2013,1,2013-01-01,0.990983673454497,132.521291927367,130.748539556037,2.13179867271227
Second quintile,2013,2,2013-02-01,0.99453571952867,132.996296458062,131.217189897182,1.95871279137152
Second quintile,2013,3,2013-03-01,1.00555888369385,134.47039133513,132.671565639681,1.80984305154395
Second quintile,2013,4,2013-04-01,1.00448094078064,134.326241243348,132.529343860046,1.25189502730374
Second quintile,2013,5,2013-05-01,1.0056193129599,134.478472360702,132.679538564456,1.50880753229887
Second quintile,2013,6,2013-06-01,1.0066196404826,134.612243177729,132.811519914073,1.71347342963226
Second quintile,2013,7,2013-07-01,1.00123875222819,133.892673035161,132.101575543016,1.71517850437115
Second quintile,2013,8,2013-08-01,1.00218247684824,134.018874514784,132.226088811115,1.41132300189502
Second quintile,2013,9,2013-09-01,1.00706385596394,134.671646789573,132.870128877055,1.15250890883432
Second quintile,2013,10,2013-10-01,1.00593365674808,134.520508618246,132.721012498209,0.752572529623863
Second quintile,2013,11,2013-11-01,1.00516359687062,134.417530806849,132.61941223269,0.862742039198228
Second quintile,2013,12,2013-12-01,1.0089475158353,134.923543007836,133.118655451001,0.894751583529518
Second quintile,2014,1,2014-01-01,0.989692952612665,133.532879656387,131.746595161129,0.763339773033844
Second quintile,2014,2,2014-02-01,0.992572888934822,133.92145086861,132.129968412119,0.695624190437316
Second quintile,2014,3,2014-03-01,1.00111646120153,135.074179908778,133.267277265012,0.449012282668804
Second quintile,2014,4,2014-04-01,1.00226829993861,135.229590072159,133.420608488989,0.672503615413733
Second quintile,2014,5,2014-05-01,1.0009806213271,135.055851911637,133.249194443571,0.429347196469565
Second quintile,2014,6,2014-06-01,1.00176800093916,135.162087958589,133.354009358858,0.408465655040247
Second quintile,2014,7,2014-07-01,0.994977480831607,134.245886926812,132.450064452328,0.263803749409464
Second quintile,2014,8,2014-08-01,0.995769446974547,134.35274180476,132.555489920438,0.249119604372727
Second quintile,2014,9,2014-09-01,1.00025102327898,134.957411958014,133.152071332385,0.212194010582434
Second quintile,2014,10,2014-10-01,0.999844876085309,134.902613139661,133.098005564049,0.284049269022191
Second quintile,2014,11,2014-11-01,0.998097249671407,134.666817192043,132.8653638856,0.185456750840007
Second quintile,2014,12,2014-12-01,0.996750201268897,134.485068648974,132.68604661343,-0.324979873110298
Second quintile,2015,1,2015-01-01,0.985266792784897,132.503672265231,130.731155594122,-0.770752037853872
Second quintile,2015,2,2015-02-01,0.991479980736111,133.339253273379,131.555558940234,-0.434730651030735
Second quintile,2015,3,2015-03-01,1.00243002886524,134.811871247735,133.008477536716,-0.194196004906622
Second quintile,2015,4,2015-04-01,1.00657931146522,135.369887803037,133.559029441189,0.103747804606424
Second quintile,2015,5,2015-05-01,1.00928492328452,135.733752194292,133.918026377161,0.501940695689496
Second quintile,2015,6,2015-06-01,1.00914593178068,135.715059912356,133.899584144004,0.409117646907364
Second quintile,2015,7,2015-07-01,1.00275498649227,134.855573196513,133.051594879562,0.454156386953986
Second quintile,2015,8,2015-08-01,1.00247896222911,134.818452054533,133.014970311314,0.346632486630161
Second quintile,2015,9,2015-09-01,1.00464919784397,135.110316340182,133.30293029527,0.113298247165661
Second quintile,2015,10,2015-10-01,1.00604094998613,135.297486222563,133.487596384879,0.292709736092123
Second quintile,2015,11,2015-11-01,1.00191631348142,134.742784199075,132.940314673352,0.0564110807815821
Second quintile,2015,12,2015-12-01,1.00168722400927,134.711975085686,132.909917696971,0.168722400926957
Second quintile,2016,1,2016-01-01,0.985593165843648,132.771202001752,130.995106554977,0.201903639308809
Second quintile,2016,2,2016-02-01,0.986971680291588,132.956904405718,131.178324796796,-0.286748919222291
Second quintile,2016,3,2016-03-01,0.998901942466471,134.564053586587,132.763974960563,-0.183824806268174
Second quintile,2016,4,2016-04-01,1.0008831181093,134.830941670424,133.027292852195,-0.398128521312802
Second quintile,2016,5,2016-05-01,1.00509858507637,135.398815551466,133.587570219842,-0.246760026456994
Second quintile,2016,6,2016-06-01,1.00679191907945,135.626927919501,133.812631102825,-0.0649389927048771
Second quintile,2016,7,2016-07-01,1.00190878335679,134.96911106169,133.163613935824,0.0841921935340384
Second quintile,2016,8,2016-08-01,1.00206328319815,134.98992404047,133.184148497023,0.12718732734549
Second quintile,2016,9,2016-09-01,1.0057985841379,135.493113807603,133.680607037498,0.283322160579602
Second quintile,2016,10,2016-10-01,1.00858564924944,135.868564853472,134.05103563209,0.422091087464138
Second quintile,2016,11,2016-11-01,1.00531542795402,135.428026883798,133.616390788864,0.508556126990856
Second quintile,2016,12,2016-12-01,1.01080762850814,136.16789206801,134.346358712487,1.08076285081364
Second quintile,2017,1,2017-01-01,0.992706596181257,135.174764644011,133.366516466819,1.81030419701016
Second quintile,2017,2,2017-02-01,0.996702510392015,135.718879858974,133.903352990762,2.07734638949455
Second quintile,2017,3,2017-03-01,1.0041434028391,136.732090498599,134.9030097966,1.61115606599722
Second quintile,2017,4,2017-04-01,1.00941859069421,137.450401709091,135.611712076457,1.94277367362063
Second quintile,2017,5,2017-05-01,1.00847390536706,137.321765899427,135.484797042626,1.42021208983869
Second quintile,2017,6,2017-06-01,1.00905175210953,137.400450072287,135.562428648371,1.30764751512986
Second quintile,2017,7,2017-07-01,1.00442557858629,136.770513775286,134.940919080751,1.33467776399034
Second quintile,2017,8,2017-08-01,1.00674862871257,137.08683861415,135.253012406324,1.55338599424044
Second quintile,2017,9,2017-09-01,1.01097323249082,137.662094005456,135.820572540934,1.60080474712043
Second quintile,2017,10,2017-10-01,1.01214904265596,137.822201597116,135.978538355158,1.43788723002358
Second quintile,2017,11,2017-11-01,1.01070390958094,137.625420872533,135.784389988674,1.62255482804918
Second quintile,2017,12,2017-12-01,1.01425021947408,138.108314415301,136.260823809683,1.42502194740775
Second quintile,2018,1,2018-01-01,0.991993570158988,137.002559885475,135.169861083773,1.35217194294928
Second quintile,2018,2,2018-02-01,0.993872980276611,137.262122048915,135.425951054676,1.13708733194982
Second quintile,2018,3,2018-03-01,1.00442347390976,138.719232940839,136.863570008728,1.45331094916625
Second quintile,2018,4,2018-04-01,1.00843661690981,139.273481356082,137.41040417998,1.32635454267309
Second quintile,2018,5,2018-05-01,1.0147014223674,140.13870307797,138.264051732639,2.05134063059356
Second quintile,2018,6,2018-06-01,1.01577521510785,140.287002783385,138.410367616054,2.10083206392659
Second quintile,2018,7,2018-07-01,1.01346198406571,139.967526343302,138.09516484859,2.33750132230179
Second quintile,2018,8,2018-08-01,1.01485842263733,140.160386120614,138.285444718759,2.24204419442049
Second quintile,2018,9,2018-09-01,1.01915576272926,140.753884517179,138.871003819875,2.24592727145374
Second quintile,2018,10,2018-10-01,1.02226224186625,141.182915114555,139.294295226229,2.43844132403483
Second quintile,2018,11,2018-11-01,1.01707829350557,140.466968744446,138.587926152016,2.06469695343905
Second quintile,2018,12,2018-12-01,1.01622700421189,140.349398615016,138.471928771559,1.62270042118924
Second quintile,2019,1,2019-01-01,0.990506543574878,139.016997714972,137.157351549664,1.47036510206906
Second quintile,2019,2,2019-02-01,0.993554225441766,139.44473803216,137.579369936054,1.59010799969066
Second quintile,2019,3,2019-03-01,1.00321344861863,140.800404196121,138.91690119979,1.5002759250911
Second quintile,2019,4,2019-04-01,1.00993313450055,141.74350806853,139.847389064597,1.77350827192455
Second quintile,2019,5,2019-05-01,1.01114203947001,141.913177153976,140.01478846742,1.26622698585901
Second quintile,2019,6,2019-06-01,1.01245076214215,142.096855593965,140.196009820058,1.29010726202077
Second quintile,2019,7,2019-07-01,1.0077308503154,141.434418807565,139.542434525776,1.04802342556554
Second quintile,2019,8,2019-08-01,1.0089223510753,141.601645222666,139.707423934133,1.02829275941947
Second quintile,2019,9,2019-09-01,1.01110844977893,141.908462861033,140.010137238109,0.820281690849689
Second quintile,2019,10,2019-10-01,1.01290355564066,142.160404889178,140.258709009132,0.692356985142251
Second quintile,2019,11,2019-11-01,1.01020305744273,141.781391591137,139.88476581502,0.935752268622592
Second quintile,2019,12,2019-12-01,1.01331533329065,142.218197634717,140.315728654552,1.33153332906508
Second quintile,2020,1,2020-01-01,0.99097645788257,140.934885738495,139.049583767299,1.37960685027563
Second quintile,2020,2,2020-02-01,0.992543650589635,141.15776906064,139.269485553933,1.22846588021528
Second quintile,2020,3,2020-03-01,0.997127477447606,141.809672654651,139.912668559536,0.716807927002328
Second quintile,2020,4,2020-04-01,0.999497114978628,142.14667823336,140.245165976348,0.284436423455325
Second quintile,2020,5,2020-05-01,0.99857466502135,142.015489063028,140.115731738445,0.0720947209437828
Second quintile,2020,6,2020-06-01,1.0017360444081,142.465094741451,140.559322990651,0.259146584171344
Second quintile,2020,7,2020-07-01,0.997415091437076,141.850576597848,139.953025326039,0.294240817611202
Second quintile,2020,8,2020-08-01,0.99337252069682,141.275649473357,139.385789066983,-0.23022031191523
Second quintile,2020,9,2020-09-01,0.994006843598414,141.365861733141,139.474794547122,-0.382359950177236
Second quintile,2020,10,2020-10-01,0.99621937710911,141.680524261238,139.785247798848,-0.337562789240664
Second quintile,2020,11,2020-11-01,0.993307480265571,141.266399540452,139.37666287148,-0.363229648761088
Second quintile,2020,12,2020-12-01,0.99642902923609,141.710340608868,139.814665289809,-0.357097076390955
Second quintile,2021,1,2021-01-01,1.00322484703806,142.167334781043,140.265546199047,0.874481173408359
Second quintile,2021,2,2021-02-01,1.00542197282104,142.47869022411,140.572736604994,0.935776452305626
Second quintile,2021,3,2021-03-01,1.01456741342175,143.774693726654,141.851403321509,1.38567492274559
Second quintile,2021,4,2021-04-01,1.02044132726576,144.607088058196,142.672662619552,1.73089505531536
Second quintile,2021,5,2021-05-01,1.02325315188663,145.005552682952,143.065796937772,2.10544894761258
Second quintile,2021,6,2021-06-01,1.0259705564065,145.390637003035,143.445729941175,2.05351512024259
Second quintile,2021,7,2021-07-01,1.02551487662843,145.326062466475,143.382019225524,2.45010344827914
Second quintile,2021,8,2021-08-01,1.02897859885891,145.816907723532,143.866298389836,3.21446637626752
Second quintile,2021,9,2021-09-01,1.03389241036805,146.51324562618,144.553321301284,3.64117887439923
Second quintile,2021,10,2021-10-01,1.0439045130199,147.932064103184,145.953160082399,4.41242003764695
Second quintile,2021,11,2021-11-01,1.04961295479366,148.741009331289,146.751283958323,5.2911448264787
Second quintile,2021,12,2021-12-01,1.05445843876462,149.427664515229,147.428753677891,5.44584387646216
Second quintile,2022,1,2022-01-01,1.00569314300213,150.278377577789,148.268086655205,5.7052787894198
Second quintile,2022,2,2022-02-01,1.01573591235337,151.779045147211,149.748679624133,6.52754100172581
Second quintile,2022,3,2022-03-01,1.0427181891972,155.810943759287,153.726643070611,8.37160540610644
Second quintile,2022,4,2022-04-01,1.04860975417119,156.691306553689,154.595229151937,8.35658794998311
Second quintile,2022,5,2022-05-01,1.05784121187839,158.070741718948,155.956211456341,9.01013016002399
Second quintile,2022,6,2022-06-01,1.06645873844092,159.358438587085,157.22668265724,9.60708465962501
Second quintile,2022,7,2022-07-01,1.06860790906734,159.679584134435,157.543532204134,9.87677050100404
Second quintile,2022,8,2022-08-01,1.07612254867583,160.802479180805,158.651406155952,10.2769779521626
Second quintile,2022,9,2022-09-01,1.09120093440656,163.055607145208,160.874393771709,11.2906935126091
Second quintile,2022,10,2022-10-01,1.10997441590688,165.860884640621,163.642144751496,12.1196311605107
Second quintile,2022,11,2022-11-01,1.10910479212403,165.730938789743,163.513937201022,11.4224917088011
Second quintile,2022,12,2022-12-01,1.10288639433549,164.801738131175,162.597166565185,10.2886394335494
Second quintile,2023,1,2023-01-01,0.999100070053803,164.653428111846,162.450840505826,9.56561467175494
Second quintile,2023,2,2023-02-01,1.00705384685534,165.964224353446,163.744102077247,9.34594047055521
Second quintile,2023,3,2023-03-01,1.01575137681318,167.397592407947,165.158295804509,7.43635098351003
Second quintile,2023,4,2023-04-01,1.02141563978079,168.331072790241,166.079288913722,7.4284697042613
Second quintile,2023,5,2023-05-01,1.02110439875214,168.279779727741,166.028682004344,6.45852477047546
Second quintile,2023,6,2023-06-01,1.02319163853795,168.62376047234,166.36806127946,5.81413947538911
Second quintile,2023,7,2023-07-01,1.02183256367008,168.399782571863,166.147079556793,5.46106033823763
Second quintile,2023,8,2023-08-01,1.02738448321958,169.314748563587,167.049805944541,5.29361824901398
Second quintile,2023,9,2023-09-01,1.0309879260845,169.908602210981,167.635715544255,4.20285765436423
Second quintile,2023,10,2023-10-01,1.03199871501494,170.075181983602,167.800066960341,2.54086269472935
Second quintile,2023,11,2023-11-01,1.02654679562699,169.176696192316,166.913600315518,2.07912742649981
Second quintile,2023,12,2023-12-01,1.02817135696511,169.444426724539,167.177749386008,2.81713569651096
Second quintile,2024,1,2024-01-01,0.997825875978452,169.07603352608,166.814284225199,2.68600870625664
Second quintile,2024,2,2024-02-01,1.00383473710755,170.094201555367,167.818832105135,2.48847437934925
Second quintile,2024,3,2024-03-01,1.01060429009388,171.241264580317,168.950550737739,2.29613348500453
Second quintile,2024,4,2024-04-01,1.01612572808329,172.176841475127,169.873612314182,2.2846457407649
Second quintile,2024,5,2024-05-01,1.01786087079496,172.470851737192,170.163689567584,2.49053808855242
Second quintile,2024,6,2024-06-01,1.01984481223622,172.807019557362,170.495360432647,2.48082421676756
Second quintile,2024,7,2024-07-01,1.01935524249496,172.724064693212,170.413515265136,2.56786680796541
Second quintile,2024,8,2024-08-01,1.02037533420325,172.89691354793,170.584051901095,2.11568396417519
Second quintile,2024,9,2024-09-01,1.01947570721855,172.744476769242,170.433654286506,1.66905884773243
Second quintile,2024,10,2024-10-01,1.02358082427073,173.440065974784,171.119938516255,1.97846855251735
Second quintile,2024,11,2024-11-01,1.02072280477999,172.955790500608,170.642141250091,2.23381493630554
Second quintile,2024,12,2024-12-01,1.02432674413255,173.566457938153,171.244639719977,2.43267441325492
Second quintile,2025,1,2025-01-01,0.998595656864286,173.322711074358,171.004153485658,2.51169693286126
Second quintile,2025,2,2025-02-01,1.00227772120926,173.961793940614,171.634687267838,2.27379437387132
Second quintile,2025,3,2025-03-01,1.00793801657443,174.944231358032,172.603982508356,2.16242667139226
Second quintile,2025,4,2025-04-01,1.01293127684759,175.810893857207,173.459051564861,2.11065109044015
Second quintile,2025,5,2025-05-01,1.01203466064155,175.655271358194,173.30551084569,1.84635234819521
Second quintile,2025,6,2025-06-01,1.01464916209931,176.109061115493,173.753230205873,1.91082605705999
Second quintile,2025,7,2025-07-01,1.01475143927686,176.126813002929,173.770744624294,1.97004876868807
Second quintile,2025,8,2025-08-01,1.01572659194221,176.296066797001,173.937734291143,1.96599995877254
Second quintile,2025,9,2025-09-01,1.01679221870018,176.481023858866,174.120217161388,2.16304865979351
Second quintile,2025,10,2025-10-01,1.01939019148435,176.931944792835,174.565106074816,2.01330574825682
Second quintile,2025,11,2025-11-01,1.01671532591501,176.467677850503,174.107049684094,2.03051157739778
Second quintile,2025,12,2025-12-01,1.01825482547748,176.734883336559,174.370680732019,1.82548254774826
Second quintile,2026,1,2026-01-01,0.995312974431176,175.906522419458,173.553400892975,1.49075174804489
Second quintile,2026,2,2026-02-01,1.00155060286781,177.008928953504,174.641060409625,1.75161162911981
Second quintile,2026,3,2026-03-01,1.01465974924165,179.325772408526,176.926911186647,2.50453588351081
Second quintile,2026,4,2026-04-01,1.02506232635726,181.164270661452,178.740815639662,3.04496307753981
Second quintile,2026,5,2026-05-01,1.02541660288031,181.226883681422,178.802591078154,3.17190157753156
Second quintile,2026,6,2026-06-01,1.02367231097243,180.918606454579,178.498437710782,2.73100390668242
Second quintile,2026,7,2026-07-01,1.02581830231916,181.297877984885,178.872635682757,2.93598963939121
Third quintile,2000,1,2000-01-01,1.00072668780108,100.072668780108,98.7266119100242,
Third quintile,2000,2,2000-02-01,1.00407689497611,100.407689497611,99.0571263328127,
Third quintile,2000,3,2000-03-01,1.00776802993655,100.776802993655,99.421274959195,
Third quintile,2000,4,2000-04-01,1.00856452256693,100.856452256693,99.4998528763899,
Third quintile,2000,5,2000-05-01,1.00986352359292,100.986352359292,99.6280057194459,
Third quintile,2000,6,2000-06-01,1.01365069021074,101.365069021074,100.00162834136,
Third quintile,2000,7,2000-07-01,1.01427761014517,101.427761014517,100.063477077703,
Third quintile,2000,8,2000-08-01,1.01494169916251,101.494169916251,100.128992726968,
Third quintile,2000,9,2000-09-01,1.01997019693399,101.997019693399,100.625078775264,
Third quintile,2000,10,2000-10-01,1.02030719097865,102.030719097865,100.658324895977,
Third quintile,2000,11,2000-11-01,1.02264582879172,102.264582879172,100.889043023697,
Third quintile,2000,12,2000-12-01,1.02681734233645,102.681734233645,101.300583361163,
Third quintile,2001,1,2001-01-01,0.995727294687152,102.243005442253,100.867755820441,2.16876065023683
Third quintile,2001,2,2001-02-01,0.999117331779747,102.591100330037,101.211168555537,2.1745454390498
Third quintile,2001,3,2001-03-01,1.00463957754348,103.158134101922,101.770575272867,2.36297544427599
Third quintile,2001,4,2001-04-01,1.01112566454535,103.824136763663,102.427619669887,2.94248354028668
Third quintile,2001,5,2001-05-01,1.01649418407615,104.375385659354,102.971453830143,3.35593198574378
Third quintile,2001,6,2001-06-01,1.01792272995248,104.522071227367,103.116166360773,3.11448730492849
Third quintile,2001,7,2001-07-01,1.01487829075156,104.209462930448,102.807762893712,2.74254492863342
Third quintile,2001,8,2001-08-01,1.01369840184377,104.088309891193,102.688239459052,2.55594974281095
Third quintile,2001,9,2001-09-01,1.01670349955422,104.396878535643,102.992657610178,2.35287153434347
Third quintile,2001,10,2001-10-01,1.01724971659324,104.452965048478,103.047989714873,2.37403594920258
Third quintile,2001,11,2001-11-01,1.01635723786064,104.361323784448,102.957581098623,2.05030993746302
Third quintile,2001,12,2001-12-01,1.0212061255101,104.859215977399,103.448776246166,2.12061255101008
Third quintile,2002,1,2002-01-01,1.00175104504098,105.042829187537,103.629919712807,2.73840125607943
Third quintile,2002,2,2002-02-01,1.00323275211563,105.198199829693,103.783200496435,2.54125308264475
Third quintile,2002,3,2002-03-01,1.009015862214,105.804612220519,104.381456159008,2.56545752948829
Third quintile,2002,4,2002-04-01,1.01369035458436,106.294775825567,104.865026674294,2.37963843371773
Third quintile,2002,5,2002-05-01,1.0154906613629,106.483554582884,105.051266207402,2.01979509844434
Third quintile,2002,6,2002-06-01,1.01471617482446,106.402342531678,104.971146522781,1.79892273682614
Third quintile,2002,7,2002-07-01,1.01324986635818,106.248586575522,104.819458706344,1.95675477805295
Third quintile,2002,8,2002-08-01,1.01366311877965,106.291919900438,104.862209163626,2.11705811300882
Third quintile,2002,9,2002-09-01,1.01647393612957,106.586660004007,105.152984778728,2.09755454289404
Third quintile,2002,10,2002-10-01,1.0187988351107,106.830447088395,105.393492733221,2.27612690440433
Third quintile,2002,11,2002-11-01,1.01772168060203,106.717497511129,105.282062417471,2.25770778027647
Third quintile,2002,12,2002-12-01,1.02307168655044,107.278494940354,105.835513985744,2.30716865504359
Third quintile,2003,1,2003-01-01,0.999916574682141,107.269545197814,105.826684624349,2.11981724740273
Third quintile,2003,2,2003-02-01,1.00430287283388,107.740100661892,106.290910743732,2.41629689131002
Third quintile,2003,3,2003-03-01,1.01028171103849,108.381501425975,106.923684158155,2.43551689418324
Third quintile,2003,4,2003-04-01,1.01130330095716,108.491096054896,107.03180465228,2.06625416185344
Third quintile,2003,5,2003-05-01,1.01049122142188,108.403977384579,106.945857797266,1.80349238830144
Third quintile,2003,6,2003-06-01,1.01175554310071,108.539611911404,107.079667931989,2.0086675996726
Third quintile,2003,7,2003-07-01,1.00986209425674,108.336485569177,106.879273800381,1.96510754726142
Third quintile,2003,8,2003-08-01,1.01136003288277,108.49718217049,107.037808904786,2.07472239857656
Third quintile,2003,9,2003-09-01,1.01511789298318,108.900319746259,107.43552396,2.17068415706474
Third quintile,2003,10,2003-10-01,1.01656224700209,109.055267871568,107.588387909968,2.08257181712666
Third quintile,2003,11,2003-11-01,1.01703723638477,109.106224017655,107.638658655423,2.23836443154688
Third quintile,2003,12,2003-12-01,1.02031834602759,109.458216521871,107.985916580913,2.03183460275871
Third quintile,2004,1,2004-01-01,0.997401185480339,109.173754919477,107.705281212984,1.77516341488344
Third quintile,2004,2,2004-02-01,0.999717192129856,109.427260876786,107.95537731384,1.56595381341713
Third quintile,2004,3,2004-03-01,1.00653738088265,110.17378657401,108.691861647565,1.65368178559444
Third quintile,2004,4,2004-04-01,1.01177229273458,110.746790688971,109.257158402116,2.07915185310128
Third quintile,2004,5,2004-05-01,1.01534537464081,111.137893861914,109.643000926779,2.52197063548301
Third quintile,2004,6,2004-06-01,1.01558671035003,111.164310038228,109.669061784543,2.41819376410364
Third quintile,2004,7,2004-07-01,1.01292592160093,110.87306484721,109.381734072643,2.34138966637787
Third quintile,2004,8,2004-08-01,1.01480690627632,111.078954075083,109.58485392689,2.37957507554125
Third quintile,2004,9,2004-09-01,1.01597089808467,111.206362542472,109.710548649207,2.1175721077642
Third quintile,2004,10,2004-10-01,1.02018348970533,111.667465308204,110.165449216545,2.39529688718183
Third quintile,2004,11,2004-11-01,1.01921669552479,111.561641741458,110.061049060814,2.25048364189142
Third quintile,2004,12,2004-12-01,1.02358186992349,112.039445945947,110.532426419294,2.35818699234935
Third quintile,2005,1,2005-01-01,0.993502029366997,111.311416916452,109.814189958427,1.95803652494277
Third quintile,2005,2,2005-02-01,0.997439937658726,111.752617979644,110.249456516928,2.12502541343473
Third quintile,2005,3,2005-03-01,1.00513303886421,112.614548776312,111.099793659859,2.21537470772326
Third quintile,2005,4,2005-04-01,1.00928285657633,113.079492053554,111.558483080777,2.10633766456889
Third quintile,2005,5,2005-05-01,1.01155584350537,113.334156249727,111.809721841264,1.97615980607162
Third quintile,2005,6,2005-06-01,1.01273450173628,113.466212464877,111.940001795445,2.07072074288714
Third quintile,2005,7,2005-07-01,1.01152227932686,113.330395737763,111.806011911173,2.21634613775588
Third quintile,2005,8,2005-08-01,1.01385335686897,113.591568374038,112.063671568074,2.2620075241762
Third quintile,2005,9,2005-09-01,1.01962181058866,114.237862732757,112.701272754398,2.72601326127127
Third quintile,2005,10,2005-10-01,1.02225126091071,114.532464889982,112.991912278644,2.56565291767894
Third quintile,2005,11,2005-11-01,1.01957328628875,114.232426097079,112.695909245788,2.39399879199593
Third quintile,2005,12,2005-12-01,1.02350153690644,114.672545119823,113.130108318146,2.35015369064437
Third quintile,2006,1,2006-01-01,0.995497204105498,114.156198054445,112.620706530866,2.55569573795689
Third quintile,2006,2,2006-02-01,0.998534579926843,114.504501670364,112.964325186538,2.46247805239088
Third quintile,2006,3,2006-03-01,1.00426873762973,115.162052128273,113.613031068578,2.26214408319578
Third quintile,2006,4,2006-04-01,1.01113832950233,115.949805712239,114.390188741228,2.53831495575283
Third quintile,2006,5,2006-05-01,1.01423101884231,116.30445227012,114.740065021254,2.62083039983767
Third quintile,2006,6,2006-06-01,1.01494559952329,116.386395055501,114.820905611095,2.57361423033968
Third quintile,2006,7,2006-07-01,1.0135872847905,116.230633648017,114.667239318244,2.55909978199069
Third quintile,2006,8,2006-08-01,1.01432044366368,116.314706841983,114.750181660982,2.39730686610267
Third quintile,2006,9,2006-09-01,1.01401941709416,116.280187359107,114.716126492566,1.78778259457473
Third quintile,2006,10,2006-10-01,1.01474408656003,116.363287051128,114.798108427734,1.59851808210478
Third quintile,2006,11,2006-11-01,1.01511188805898,116.405463785112,114.839717851149,1.90229496324086
Third quintile,2006,12,2006-12-01,1.01948725359033,116.907198086422,115.334703427643,1.94872535903288
Third quintile,2007,1,2007-01-01,0.994794614303055,116.298651029633,114.734341812059,1.87677323851072
Third quintile,2007,2,2007-02-01,0.997777259415739,116.647343712643,115.07834430156,1.87140419024487
Third quintile,2007,3,2007-03-01,1.0044153440657,117.42338358973,115.843945825991,1.96360816750549
Third quintile,2007,4,2007-04-01,1.01093060353392,118.185064318966,116.595381344512,1.92778124378588
Third quintile,2007,5,2007-05-01,1.0134493732107,118.479526624503,116.885882898187,1.87015570937228
Third quintile,2007,6,2007-06-01,1.01443094294065,118.594279191357,116.999091951883,1.89702940348315
Third quintile,2007,7,2007-07-01,1.01186870445491,118.294735069161,116.70357693602,1.77586696067948
Third quintile,2007,8,2007-08-01,1.01235087461275,118.351104231315,116.759187888176,1.75076518234176
Third quintile,2007,9,2007-09-01,1.01661824592779,118.849990654951,117.251363893212,2.21000959338589
Third quintile,2007,10,2007-10-01,1.0219473452702,119.473000727396,117.865993985405,2.67241821288642
Third quintile,2007,11,2007-11-01,1.0281220177981,120.194864391734,118.578148010173,3.25534599786237
Third quintile,2007,12,2007-12-01,1.03262149242571,120.720885363309,119.09709358193,3.26214924257149
Third quintile,2008,1,2008-01-01,0.996587220947815,120.30889165458,118.690641515777,3.44822626010153
Third quintile,2008,2,2008-02-01,1.00025073678897,120.751154530467,119.12695560475,3.51813482177006
Third quintile,2008,3,2008-03-01,1.01025873095187,121.959328446522,120.318878622136,3.8628974213863
Third quintile,2008,4,2008-04-01,1.01360734809964,122.363576473345,120.717689191955,3.53556701809818
Third quintile,2008,5,2008-05-01,1.02051515741581,123.197493329914,121.540389204529,3.982094493307
Third quintile,2008,6,2008-06-01,1.02464111756788,123.695582892445,122.031779066875,4.30147536278416
Third quintile,2008,7,2008-07-01,1.02327304190378,123.53042758703,121.86884523148,4.42597256319879
Third quintile,2008,8,2008-08-01,1.02129503503804,123.291640846945,121.633270362686,4.17447445692913
Third quintile,2008,9,2008-09-01,1.02327775839158,123.530996965614,121.869406951469,3.93858365900392
Third quintile,2008,10,2008-10-01,1.02326966896144,123.530020402445,121.86844352385,3.39576276677442
Third quintile,2008,11,2008-11-01,1.01789357265117,122.881013296071,121.228166078481,2.23482834972295
Third quintile,2008,12,2008-12-01,1.0163839569232,122.698771148832,121.048375232854,1.63839569231983
Third quintile,2009,1,2009-01-01,0.99194929995912,121.710960146928,120.073851073418,1.16539058174814
Third quintile,2009,2,2009-02-01,0.996186327946521,122.230838274306,120.58673642711,1.22539925153706
Third quintile,2009,3,2009-03-01,0.999539023777302,122.642209932778,120.992574810075,0.559925587451238
Third quintile,2009,4,2009-04-01,1.00295813863573,123.061731124324,121.406453108423,0.570557572033015
Third quintile,2009,5,2009-05-01,1.00343454683647,123.12018582512,121.464121547069,-0.0627508747984673
Third quintile,2009,6,2009-06-01,1.00552666349182,123.376885967832,121.717368868998,-0.257646164205172
Third quintile,2009,7,2009-07-01,0.998260096673454,122.485287148747,120.837762762113,-0.846059111668607
Third quintile,2009,8,2009-08-01,1.0016108692675,122.896422828435,121.243368340397,-0.32055540488749
Third quintile,2009,9,2009-09-01,1.00165161006493,122.901421674216,121.248299947732,-0.509649648155486
Third quintile,2009,10,2009-10-01,1.00387616826887,123.174372232188,121.517579103929,-0.28790424311298
Third quintile,2009,11,2009-11-01,1.00519399273492,123.336067674763,121.677099614387,0.370321147657848
Third quintile,2009,12,2009-12-01,1.00861147024903,123.755387966173,122.090779714866,0.861147024903319
Third quintile,2010,1,2010-01-01,0.992124143949271,122.78070834505,121.12921030871,0.878925116382234
Third quintile,2010,2,2010-02-01,0.995298951941891,123.173607939894,121.516825091974,0.771302626161274
Third quintile,2010,3,2010-03-01,1.00662634279723,124.575433589842,122.899795073638,1.576311824553
Third quintile,2010,4,2010-04-01,1.01084564812716,125.097595357894,123.414933351224,1.65434389307717
Third quintile,2010,5,2010-05-01,1.01205133308981,125.246805368212,123.562136368404,1.72727122594933
Third quintile,2010,6,2010-06-01,1.01198263376842,125.238303457041,123.55374881469,1.50872464854943
Third quintile,2010,7,2010-07-01,1.00733023963123,124.662544615622,122.98573438694,1.777566528648
Third quintile,2010,8,2010-08-01,1.00897009891543,124.865486037547,123.185946085569,1.60221360703077
Third quintile,2010,9,2010-09-01,1.01244583835886,125.295627520839,123.610301824304,1.94807009878968
Third quintile,2010,10,2010-10-01,1.01570700652228,125.699214652126,124.008460388158,2.04981147797378
Third quintile,2010,11,2010-11-01,1.01687619005191,125.843907413439,124.15120691692,2.03333849210199
Third quintile,2010,12,2010-12-01,1.0234628894549,126.659046953471,124.955382182778,2.34628894548961
Third quintile,2011,1,2011-01-01,0.993314694895551,125.812292580349,124.120017328443,2.46910469581214
Third quintile,2011,2,2011-02-01,0.997673716573566,126.364402111736,124.664700548162,2.59048527132391
Third quintile,2011,3,2011-03-01,1.01151985613053,128.118140952005,126.394850208259,2.84382503040508
Third quintile,2011,4,2011-04-01,1.01727334585204,128.846872476789,127.113779715295,2.99708168503809
Third quintile,2011,5,2011-05-01,1.017363075316,128.858237525177,127.124991894756,2.88345251309778
Third quintile,2011,6,2011-06-01,1.01703631784081,128.816850734785,127.084161789564,2.85739041408499
Third quintile,2011,7,2011-07-01,1.01097891558139,128.049625937593,126.327256775203,2.71699998777919
Third quintile,2011,8,2011-08-01,1.01257319719176,128.251556126938,126.526470843134,2.71177424350328
Third quintile,2011,9,2011-09-01,1.02048427639508,129.253565879204,127.515002768462,3.15887987209018
Third quintile,2011,10,2011-10-01,1.02433937998762,129.741849626142,127.996718711222,3.21611792500376
Third quintile,2011,11,2011-11-01,1.02550909036705,129.890004028012,128.142880318728,3.21517083960274
Third quintile,2011,12,2011-12-01,1.02891283683963,130.321119312301,128.568196760062,2.89128368396343
Third quintile,2012,1,2012-01-01,0.992190278465594,129.303347660419,127.564114945185,2.77481238793997
Third quintile,2012,2,2012-02-01,0.997473605105441,129.991876701817,128.243382724165,2.87064594890709
Third quintile,2012,3,2012-03-01,1.01063734126977,131.707389533085,129.935820545439,2.80151472259009
Third quintile,2012,4,2012-04-01,1.0153263422876,132.318465394184,130.538676950907,2.69435559487135
Third quintile,2012,5,2012-05-01,1.0138171360417,132.121783946945,130.344641025332,2.53266417766311
Third quintile,2012,6,2012-06-01,1.01270511883289,131.976864619599,130.20167097803,2.45310599256918
Third quintile,2012,7,2012-07-01,1.00708593793057,131.24456667479,129.479223022149,2.49508010179869
Third quintile,2012,8,2012-08-01,1.01106917615847,131.763666739137,129.991340778376,2.73845457962569
Third quintile,2012,9,2012-09-01,1.01890440951397,132.7847631201,130.998702602088,2.7319921248411
Third quintile,2012,10,2012-10-01,1.02149744951655,133.122690995657,131.332085079346,2.60582177551649
Third quintile,2012,11,2012-11-01,1.01939267110511,132.848393917174,131.061477514408,2.27761166942755
Third quintile,2012,12,2012-12-01,1.02316571868831,133.340101701434,131.546571438469,2.31657186883052
Third quintile,2013,1,2013-01-01,0.989805208905672,131.980727220092,130.205481623478,2.07061890362172
Third quintile,2013,2,2013-02-01,0.99367538684265,132.496777139811,130.714590261945,1.92696690097047
Third quintile,2013,3,2013-03-01,1.00533620717509,134.051632108861,132.248531196838,1.77988690238833
Third quintile,2013,4,2013-04-01,1.0041307873947,133.890901312751,132.089962357583,1.18837224561397
Third quintile,2013,5,2013-05-01,1.00529771432639,134.0464994685,132.243467594566,1.45677379161671
Third quintile,2013,6,2013-06-01,1.00635722146422,134.187774258012,132.382842125961,1.67522515767085
Third quintile,2013,7,2013-07-01,1.0006621225192,133.428389185483,131.633671385742,1.66393365152009
Third quintile,2013,8,2013-08-01,1.00157099738275,133.549578652223,131.753230757908,1.35539026598366
Third quintile,2013,9,2013-09-01,1.00677368352428,134.243305351455,132.437626282097,1.09842590149918
Third quintile,2013,10,2013-10-01,1.00551370638405,134.075299871436,132.271880609209,0.715587153965891
Third quintile,2013,11,2013-11-01,1.0048049846784,133.980798847126,132.178650698726,0.852403929442569
Third quintile,2013,12,2013-12-01,1.00858532261135,134.484869491572,132.675941192685,0.858532261135081
Third quintile,2014,1,2014-01-01,0.988668060168552,132.960895042253,131.172465410009,0.742659813145719
Third quintile,2014,2,2014-02-01,0.991758131724979,133.376462912239,131.58244356211,0.663929939593366
Third quintile,2014,3,2014-03-01,1.00096700660621,134.614917248805,132.804239704304,0.420200135636128
Third quintile,2014,4,2014-04-01,1.00221997106167,134.783422010075,132.970477942712,0.666602949545703
Third quintile,2014,5,2014-05-01,1.00098001949596,134.616667285585,132.805966201699,0.425350769580501
Third quintile,2014,6,2014-06-01,1.00202631598418,134.757378332253,132.94478457304,0.424482839357454
Third quintile,2014,7,2014-07-01,0.99505163920333,133.819389835634,132.019412766626,0.293041572739927
Third quintile,2014,8,2014-08-01,0.995803693269218,133.920529728536,132.119192247645,0.277762820412164
Third quintile,2014,9,2014-09-01,1.00051351337269,134.55392927048,132.744072062722,0.231388759544871
Third quintile,2014,10,2014-10-01,0.999932843605234,134.475837972586,132.667031154802,0.298741156300908
Third quintile,2014,11,2014-11-01,0.99814655759269,134.235609531314,132.430033976849,0.190184478956112
Third quintile,2014,12,2014-12-01,0.99681191615517,134.056120451771,132.252959167971,-0.318808384482971
Third quintile,2015,1,2015-01-01,0.984163904362839,131.93319490755,130.158588658289,-0.77293412802002
Third quintile,2015,2,2015-02-01,0.990707383684944,132.810388359728,131.023983161892,-0.424418626907852
Third quintile,2015,3,2015-03-01,1.00230894486362,134.365648642525,132.55832395874,-0.185171607556078
Third quintile,2015,4,2015-04-01,1.00681239346842,134.969363491139,133.153918363186,0.137955750262542
Third quintile,2015,5,2015-05-01,1.00976403379094,135.365048941745,133.544281530239,0.555935361682702
Third quintile,2015,6,2015-06-01,1.00973942366367,135.361749803559,133.541026768081,0.448488593934937
Third quintile,2015,7,2015-07-01,1.0031823764374,134.482737490787,132.673837869004,0.495703691346483
Third quintile,2015,8,2015-08-01,1.00294925415829,134.451486022458,132.643006757743,0.396471172118362
Third quintile,2015,9,2015-09-01,1.00518683537648,134.751447479764,132.938933495228,0.14679482818174
Third quintile,2015,10,2015-10-01,1.00646725571438,134.923095662811,133.108272873894,0.332593346855226
Third quintile,2015,11,2015-11-01,1.00183100717511,134.301578170186,132.495115285137,0.0491439187427112
Third quintile,2015,12,2015-12-01,1.00176170329837,134.292287561337,132.485949642356,0.176170329836567
Third quintile,2016,1,2016-01-01,0.984700747675926,132.237715968759,130.459013669383,0.230814588718498
Third quintile,2016,2,2016-02-01,0.986379848574539,132.46320626948,130.681470946481,-0.261411847774595
Third quintile,2016,3,2016-03-01,0.998960477289862,134.152687678621,132.348227488928,-0.158493607596788
Third quintile,2016,4,2016-04-01,1.00106379070778,134.435146448972,132.626886964497,-0.395806150631695
Third quintile,2016,5,2016-05-01,1.00560964069207,135.045619042272,133.229148216597,-0.235976643875035
Third quintile,2016,6,2016-06-01,1.00741499732513,135.28806451439,133.468332604571,-0.0544358279024104
Third quintile,2016,7,2016-07-01,1.00233272704299,134.605554812196,132.795003199902,0.0913257148844826
Third quintile,2016,8,2016-08-01,1.00260863914277,134.642607679243,132.831557676461,0.142149159104976
Third quintile,2016,9,2016-09-01,1.00650705574661,135.166134962839,133.348043102322,0.307742507283337
Third quintile,2016,10,2016-10-01,1.00907834495067,135.511439272035,133.688702794327,0.436058486750279
Third quintile,2016,11,2016-11-01,1.00524788316682,134.997037796664,133.181220427324,0.517834292011554
Third quintile,2016,12,2016-12-01,1.01091973216805,135.758723373742,133.932660728481,1.09197321680534
Third quintile,2017,1,2017-01-01,0.991628380053205,134.622202937195,132.811427394399,1.80318220937759
Third quintile,2017,2,2017-02-01,0.995839799078614,135.193939807677,133.375473949914,2.06150342808475
Third quintile,2017,3,2017-03-01,1.00387309737525,136.284530128909,134.451394965209,1.58911646660038
Third quintile,2017,4,2017-04-01,1.00951809531032,137.050887842021,135.207444558458,1.94572733555307
Third quintile,2017,5,2017-05-01,1.00863429504205,136.930904245883,135.089074836977,1.39603581144021
Third quintile,2017,6,2017-06-01,1.009521757201,137.051384975625,135.207935005221,1.30338213320182
Third quintile,2017,7,2017-07-01,1.00479067531093,136.409099338053,134.57428861956,1.33987377294538
Third quintile,2017,8,2017-08-01,1.00727836329956,136.746824683542,134.90747129094,1.56281658575106
Third quintile,2017,9,2017-09-01,1.01158490634556,137.33147546962,135.484258059632,1.6019844818205
Third quintile,2017,10,2017-10-01,1.01227763908092,137.425519981411,135.577037598052,1.41248644369749
Third quintile,2017,11,2017-11-01,1.01030488726266,137.157701713032,135.312821698076,1.60052690905896
Third quintile,2017,12,2017-12-01,1.01395328954745,137.653004149569,135.801461923486,1.39532895474521
Third quintile,2018,1,2018-01-01,0.990942301300825,136.406184712946,134.571413198475,1.3251764841365
Third quintile,2018,2,2018-02-01,0.993172459772081,136.713172726244,134.874271979193,1.1237433576742
Third quintile,2018,3,2018-03-01,1.00425021444888,138.238058936737,136.378647259132,1.43341933672128
Third quintile,2018,4,2018-04-01,1.00839413369974,138.808481870571,136.941397551492,1.28243899490574
Third quintile,2018,5,2018-05-01,1.01521137092068,139.746895054034,137.867188332374,2.05650493850065
Third quintile,2018,6,2018-06-01,1.01640704691591,139.911483446767,138.029562880514,2.08688038552176
Third quintile,2018,7,2018-07-01,1.01407594180449,139.590599825191,137.712995398485,2.33232277214444
Third quintile,2018,8,2018-08-01,1.01547004735698,139.782502642593,137.902316970589,2.21992573946526
Third quintile,2018,9,2018-09-01,1.01981732132584,140.380917964268,138.492683130943,2.22049787510115
Third quintile,2018,10,2018-10-01,1.02261648768443,140.766231622643,138.872814014606,2.43092523257915
Third quintile,2018,11,2018-11-01,1.01661176043925,139.939662878244,138.057363276258,2.02829380375031
Third quintile,2018,12,2018-12-01,1.01593544402234,139.846565891701,137.965518518119,1.59354440223409
Third quintile,2019,1,2019-01-01,0.98949350955584,138.377269283511,136.515985116185,1.44501114426285
Third quintile,2019,2,2019-02-01,0.992794944119578,138.838963569766,136.971469247625,1.55492759119822
Third quintile,2019,3,2019-03-01,1.00295816364226,140.260254918417,138.373643098886,1.46283592032082
Third quintile,2019,4,2019-04-01,1.01024694465589,141.279565912709,139.379243550795,1.78021112891513
Third quintile,2019,5,2019-05-01,1.01167759596686,141.479637585538,139.576624100733,1.23991486954651
Third quintile,2019,6,2019-06-01,1.01311166388785,141.680187059543,139.774476025042,1.26415900196586
Third quintile,2019,7,2019-07-01,1.00821147518767,140.994912497602,139.098418950186,1.00602237841929
Third quintile,2019,8,2019-08-01,1.00941775007232,141.163605897741,139.264843290121,0.988037292964794
Third quintile,2019,9,2019-09-01,1.01176007930921,141.491172597709,139.588003957829,0.79088714444997
Third quintile,2019,10,2019-10-01,1.01331487594145,141.708605567387,139.802512281386,0.669460234803254
Third quintile,2019,11,2019-11-01,1.00997256663913,141.241195089309,139.341388845443,0.93006670467537
Third quintile,2019,12,2019-12-01,1.01326502423152,141.701633976949,139.795634464376,1.32650242315175
Third quintile,2020,1,2020-01-01,0.989944590109705,140.276765965186,138.389932058963,1.37269415093253
Third quintile,2020,2,2020-02-01,0.991705635361648,140.526308954894,138.636118497279,1.21532554100332
Third quintile,2020,3,2020-03-01,0.996704666603762,141.234679850203,139.334961241477,0.694726337373908
Third quintile,2020,4,2020-04-01,0.999444000802664,141.622847982197,139.717908203823,0.242980693824912
Third quintile,2020,5,2020-05-01,0.998255279492408,141.45440423019,139.551730154054,-0.0178353265376852
Third quintile,2020,6,2020-06-01,1.00177582324249,141.953271032065,140.043886801257,0.192746761695495
Third quintile,2020,7,2020-07-01,0.997956341977365,141.412044295852,139.509939994474,0.295848829479151
Third quintile,2020,8,2020-08-01,0.993472075517208,140.776616411259,138.883059119569,-0.274142534133193
Third quintile,2020,9,2020-09-01,0.994307234856743,140.894959854303,138.999810749318,-0.421378049569998
Third quintile,2020,10,2020-10-01,0.996350632741056,141.184512673375,139.285468853019,-0.369838438473047
Third quintile,2020,11,2020-11-01,0.99276122548168,140.675887799713,138.783685387843,-0.400242499533765
Third quintile,2020,12,2020-12-01,0.996120970894397,141.151969214441,139.253363129453,-0.387902910560278
Third quintile,2021,1,2021-01-01,1.00252996789164,141.509079164395,139.605669666973,0.878487032923547
Third quintile,2021,2,2021-02-01,1.00483417282387,141.834322228053,139.926537953125,0.930796007442525
Third quintile,2021,3,2021-03-01,1.01441706463051,143.186966277329,141.260987865706,1.3822996088471
Third quintile,2021,4,2021-04-01,1.02050350860231,144.046079829463,142.108545658279,1.71104583885431
Third quintile,2021,5,2021-05-01,1.02335087235566,144.447990830318,142.505050636986,2.1162908404438
Third quintile,2021,6,2021-06-01,1.02610091389408,144.836164608886,142.888003169955,2.03087505899764
Third quintile,2021,7,2021-07-01,1.02541065830156,144.738733672741,142.791882757278,2.35247951718278
Third quintile,2021,8,2021-08-01,1.02896164457558,145.239962377973,143.286369538362,3.17051658186958
Third quintile,2021,9,2021-09-01,1.03401873937845,145.953781267902,143.990586997326,3.59049139786856
Third quintile,2021,10,2021-10-01,1.04371851940086,147.322924319012,145.341313987062,4.34779391124718
Third quintile,2021,11,2021-11-01,1.04893378616744,148.059069493094,146.067557423927,5.24836331859055
Third quintile,2021,12,2021-12-01,1.05363335104962,148.722422330664,146.721987639015,5.36333510496205
Third quintile,2022,1,2022-01-01,1.00435809220217,149.370568359712,147.361415589232,5.55546629356849
Third quintile,2022,2,2022-02-01,1.01445833822298,150.872701414063,148.843343761048,6.372490835806
Third quintile,2022,3,2022-03-01,1.04133081708479,154.869241564421,152.786127272441,8.15875605916874
Third quintile,2022,4,2022-04-01,1.0473188443885,155.75979549001,153.664702540477,8.13192255868043
Third quintile,2022,5,2022-05-01,1.05657401579574,157.136247000781,155.022639685287,8.78396168581339
Third quintile,2022,6,2022-06-01,1.06567562323438,158.489860106158,156.358045619395,9.42699327487864
Third quintile,2022,7,2022-07-01,1.0670251017901,158.690557825847,156.556043795366,9.63931616581077
Third quintile,2022,8,2022-08-01,1.07387675112167,159.709551711398,157.561331403899,9.96253999004018
Third quintile,2022,9,2022-09-01,1.08804666744508,161.816935991239,159.640369691548,10.8686151092038
Third quintile,2022,10,2022-10-01,1.10588747764761,164.470264500902,162.258008825555,11.6392884957667
Third quintile,2022,11,2022-11-01,1.10503078532453,164.342855143421,162.132313225117,10.9981683027437
Third quintile,2022,12,2022-12-01,1.09971207375113,163.551843474546,161.351941291388,9.97120737511277
Third quintile,2023,1,2023-01-01,0.998534599038404,163.312174445848,161.115496001465,9.33356968459915
Third quintile,2023,2,2023-02-01,1.00671143289864,164.649510697475,162.434844018432,9.13141287607912
Third quintile,2023,3,2023-03-01,1.01587873050384,166.148839120484,163.914005283425,7.2833039292513
Third quintile,2023,4,2023-04-01,1.02199124280857,167.148551776184,164.900271009962,7.31174321996635
Third quintile,2023,5,2023-05-01,1.0219745906147,167.145828279178,164.897584146153,6.37000149198419
Third quintile,2023,6,2023-06-01,1.02437510068569,167.538436126568,165.284911106197,5.70924601381362
Third quintile,2023,7,2023-07-01,1.02304373837133,167.320689365723,165.070093212214,5.43833965808263
Third quintile,2023,8,2023-08-01,1.02894498831325,168.285849672527,166.022271346388,5.36993427708481
Third quintile,2023,9,2023-09-01,1.03261598106934,168.886247305168,166.61459315405,4.36870916546817
Third quintile,2023,10,2023-10-01,1.03341867428193,169.017529259831,166.744109262163,2.76479445857807
Third quintile,2023,11,2023-11-01,1.02769451647095,168.081332697506,165.820505287103,2.27480382449397
Third quintile,2023,12,2023-12-01,1.02918709687926,168.325446974819,166.061336033517,2.91870968792602
Third quintile,2024,1,2024-01-01,0.996873929979101,167.799249841277,165.542216669312,2.74754494614669
Third quintile,2024,2,2024-02-01,1.00304248742819,168.837575031085,166.566575560708,2.54362391717347
Third quintile,2024,3,2024-03-01,1.01033545279369,170.065166686005,167.777655132949,2.35712002939794
Third quintile,2024,4,2024-04-01,1.01614805149063,171.043574959752,168.742903038389,2.33027635727472
Third quintile,2024,5,2024-05-01,1.01809248337153,171.370872325216,169.065797994357,2.52775919658645
Third quintile,2024,6,2024-06-01,1.02006738344725,171.703298263192,169.393752539463,2.48591441636579
Third quintile,2024,7,2024-07-01,1.01940224801101,171.59133904359,169.28329926028,2.55237394374581
Third quintile,2024,8,2024-08-01,1.02051865819458,171.779259286746,169.468691826924,2.07587840630501
Third quintile,2024,9,2024-09-01,1.01953219837345,171.613212996432,169.304878991084,1.61467599332472
Third quintile,2024,10,2024-10-01,1.02328247934756,172.244480717679,169.927655660146,1.90924069945859
Third quintile,2024,11,2024-11-01,1.0201072440155,171.71000781116,169.400371838683,2.15888049875494
Third quintile,2024,12,2024-12-01,1.02376422951772,172.325571530401,170.007655737036,2.37642295177156
Third quintile,2025,1,2025-01-01,0.997679107633546,171.925622426891,169.613086266597,2.45911265367247
Third quintile,2025,2,2025-02-01,1.00178028917437,172.632360879863,170.310318526104,2.24759556519292
Third quintile,2025,3,2025-03-01,1.0077044124217,173.653238804276,171.31746483168,2.10982189250746
Third quintile,2025,4,2025-04-01,1.01306889328415,174.577676034862,172.229467647352,2.06619925708513
Third quintile,2025,5,2025-05-01,1.01219068769446,174.426338754697,172.080165973793,1.78295552098395
Third quintile,2025,6,2025-06-01,1.01505033744068,174.919129531592,172.566328323378,1.8729001137012
Third quintile,2025,7,2025-07-01,1.01499355220312,174.909343983074,172.556674398258,1.93366690765275
Third quintile,2025,8,2025-08-01,1.0163081752216,175.135887146081,172.780170375809,1.95403558804028
Third quintile,2025,9,2025-09-01,1.01744728500135,175.332184889913,172.973827759092,2.16706617663414
Third quintile,2025,10,2025-10-01,1.01975501480288,175.729865746898,173.366159492724,2.02351042814073
Third quintile,2025,11,2025-11-01,1.01682868735278,175.225584696575,172.868661423014,2.04739195474373
Third quintile,2025,12,2025-12-01,1.01839760764095,175.49594978192,173.135389883244,1.83976076409542
Third quintile,2026,1,2026-01-01,0.994630746779506,174.55366758837,172.205782133532,1.52859423998681
Third quintile,2026,2,2026-02-01,1.00115116045649,175.697973779584,173.334696497697,1.77580430696547
Third quintile,2026,3,2026-03-01,1.01453956551428,178.047584641265,175.652703227292,2.53052915525669
Third quintile,2026,4,2026-04-01,1.0251924637419,179.917125133652,177.497096915318,3.05849477439679
Third quintile,2026,5,2026-05-01,1.02561961771755,179.992088926311,177.571052385432,3.19088860739203
Third quintile,2026,6,2026-06-01,1.02388511411512,179.687690569202,177.270748427971,2.72615182249067
Third quintile,2026,7,2026-07-01,1.02608894283951,180.074453584347,177.652309173405,2.95302096712065
